{
    "type": "Calibration Parameter for Stereo Camera",
    "version": 1.2,
    "master": {
        "serial": 0,
        "camera_pose": {
            "trans": [
                0.0,
                0.0,
                0.0
            ],
            "rot": [
                0,
                0.0,
                0.0
            ]
        },
        "lens_params": {
            "focal_len": [
                -1475.0642133775689,
                -1475.0642133775689
            ],
            "principal_point": [
                649.1057022562371,
                491.41662587161625
            ],
            "skew": 0,
            "k1": -0.06955065191682179,
            "k2": -0.5134837422939288,
            "k3": 0.0,
            "k4": 0.0,
            "k5": 0.0,
            "calib_res": [
                1280,
                964
            ]
        }
    },
    "slave": {
        "serial": 1,
        "camera_pose": {
            "trans": [
                -0.09088094790543091,
                0.002189334845280605,
                0.00047709172504041076
            ],
            "rot": [
                0.3407036904269327,
                -0.41664470021566824,
                -0.6545582154473037
            ]
        },
        "lens_params": {
            "focal_len": [
                -1477.5138371054018,
                -1477.5138371054018
            ],
            "principal_point": [
                643.6339126446487,
                495.45097087095013
            ],
            "skew": 0,
            "k1": -0.06746488366357897,
            "k2": -0.49603965535554545,
            "k3": 0.0,
            "k4": 0.0,
            "k5": 0.0,
            "calib_res": [
                1280,
                964
            ]
        }
    },
    "reprojection_error": 0.14814533,
    "essensial_matrix": [
        2.137e-05,
        0.00113791,
        0.00115094,
        -0.00046403,
        0.00054583,
        0.09089837,
        -0.00219204,
        -0.09087344,
        0.00054889
    ],
    "fundamental_matrix": [
        1e-08,
        5.4e-07,
        0.00053332,
        -2.2e-07,
        2.6e-07,
        0.06359849,
        -0.00143336,
        -0.06414652,
        1.0
    ]
}