{
    "type": "Stereo Calibration",
    "version": 1.1,
    "master": {
        "serial": 0,
        "camera_pose": {
            "trans": [
                0.0,
                0.0,
                0.0
            ],
            "rot": [
                0,
                0.0,
                0.0
            ]
        },
        "lens_params": {
            "focal_len": [
                -1458.2170482825293,
                -1458.2170482825293
            ],
            "principal_point": [
                636.8393433054385,
                483.50827023632263
            ],
            "skew": 0,
            "k1": -0.0918711261284139,
            "k2": -0.3893546177249443,
            "k3": 0.0,
            "k4": 0.0,
            "k5": 0.0,
            "calib_res": [
                1280,
                964
            ]
        }
    },
    "slave": {
        "serial": 1,
        "camera_pose": {
            "trans": [
                -0.09052093543268185,
                -0.00047007915861816893,
                -0.0007693704515835679
            ],
            "rot": [
                -0.2586206749088377,
                -0.4318487285681882,
                -0.22464110347318136
            ]
        },
        "lens_params": {
            "focal_len": [
                -1462.4307891170647,
                -1462.4307891170647
            ],
            "principal_point": [
                641.8019456983056,
                481.2130460835621
            ],
            "skew": 0,
            "k1": -0.07837412532835938,
            "k2": -0.4558887680069792,
            "k3": 0.0,
            "k4": 0.0,
            "k5": 0.0,
            "calib_res": [
                1280,
                964
            ]
        }
    },
    "reprojection_error": 0.15287564,
    "essensial_matrix": [
        -6.56e-06,
        -8.708e-05,
        -0.00082496,
        0.00077148,
        -0.00041162,
        0.09051745,
        0.00046657,
        -0.09052323,
        -0.0004148
    ],
    "fundamental_matrix": [
        -1.2e-07,
        -1.57e-06,
        -0.02088656,
        1.393e-05,
        -7.43e-06,
        2.37816308,
        0.00569314,
        -2.38589504,
        1.0
    ]
}