{
    "type": "Stereo Calibration",
    "version": 1.1,
    "master": {
        "serial": 0,
        "camera_pose": {
            "trans": [
                0.0,
                0.0,
                0.0
            ],
            "rot": [
                0,
                0.0,
                0.0
            ]
        },
        "lens_params": {
            "focal_len": [
                -1458.3302666187453,
                -1458.3302666187453
            ],
            "principal_point": [
                636.3602463706916,
                483.4144129141914
            ],
            "skew": 0,
            "k1": -0.09298522441749311,
            "k2": -0.38580456390018925,
            "k3": 0.0,
            "k4": 0.0,
            "k5": 0.0,
            "calib_res": [
                1280,
                964
            ]
        }
    },
    "slave": {
        "serial": 1,
        "camera_pose": {
            "trans": [
                -0.09020997243410979,
                -0.0006724754532959345,
                -0.0006473250194125353
            ],
            "rot": [
                -0.26793576878813086,
                -0.47738355144726863,
                -0.22150474441463436
            ]
        },
        "lens_params": {
            "focal_len": [
                -1462.241403797144,
                -1462.241403797144
            ],
            "principal_point": [
                641.8518195541697,
                481.31284172040205
            ],
            "skew": 0,
            "k1": -0.0794220943748272,
            "k2": -0.45480563686608055,
            "k3": 0.0,
            "k4": 0.0,
            "k5": 0.0,
            "calib_res": [
                1280,
                964
            ]
        }
    },
    "reprojection_error": 0.14841682,
    "essensial_matrix": [
        -8.11e-06,
        0.00010432,
        -0.00102118,
        0.00065046,
        -0.00042437,
        0.09020567,
        0.0006694,
        -0.09021124,
        -0.00043035
    ],
    "fundamental_matrix": [
        1.92e-06,
        -2.476e-05,
        0.364258,
        -0.00015441,
        0.00010074,
        -31.17767913,
        -0.15926968,
        31.28032829,
        1.0
    ]
}