{
    "type": "Calibration Parameter for Stereo Camera",
    "version": 1.2,
    "master": {
        "serial": 0,
        "camera_pose": {
            "trans": [
                0.0,
                0.0,
                0.0
            ],
            "rot": [
                0.0,
                0.0,
                0.0
            ]
        },
		"lens_params": {
            "focal_len": [
                546.29884,
                546.29197
            ],
            "principal_point": [
                652.12087,
                486.2333
            ],
            "skew": 0,
            "k1": 1.52531051,
            "k2": 0.38559726,
            "k3": 0,
            "k4": 0,
            "k5": 0.00824654,
            "k6": 1.90528427,
            "k7": 0.83766946,
            "k8": 0.06401835,
            "calib_res": [
                1280,
                992
            ]
        }
    },
    "slave": {
        "serial": 1,
        "camera_pose": {
            "trans": [
                0,
                0,
                0
            ],
            "rot": [
                0,
                0,
                0
            ]
        },
		"lens_params": {
            "focal_len": [
                546.29884,
                546.29197
            ],
            "principal_point": [
                652.12087,
                486.2333
            ],
            "skew": 0,
            "k1": 1.52531051,
            "k2": 0.38559726,
            "k3": 0,
            "k4": 0,
            "k5": 0.00824654,
            "k6": 1.90528427,
            "k7": 0.83766946,
            "k8": 0.06401835,
            "calib_res": [
                1280,
                992

            ]
        }
    }
}