{
    "type": "Stereo Calibration",
    "version": 1.1,
    "master": {
        "serial": 0,
        "camera_pose": {
            "trans": [
                0.0,
                0.0,
                0.0
            ],
            "rot": [
                0,
                0.0,
                0.0
            ]
        },
        "lens_params": {
            "focal_len": [
                -1478.4662211292052,
                -1478.4662211292052
            ],
            "principal_point": [
                643.3468017665348,
                475.81430857412
            ],
            "skew": 0,
            "k1": -0.07090095750008757,
            "k2": -0.5034850882939187,
            "k3": 0,
            "k4": 0,
            "k5": 0,
            "calib_res": [
                1280,
                964
            ]
        }
    },
    "slave": {
        "serial": 1,
        "camera_pose": {
            "trans": [
                -0.09217020394853286,
                -0.00025712492931346154,
                -0.0003657386153817672
            ],
            "rot": [
                0.3154788347111883,
                0.0513558974876324,
                0.20110854067418968
            ]
        },
        "lens_params": {
            "focal_len": [
                -1475.0862993016121,
                -1475.0862993016121
            ],
            "principal_point": [
                642.7556331389286,
                484.5896963456796
            ],
            "skew": 0,
            "k1": -0.0815848041002936,
            "k2": -0.40103430981469396,
            "k3": 0,
            "k4": 0,
            "k5": 0,
            "calib_res": [
                1280,
                964
            ]
        }
    },
    "reprojection_error": 0.1199930975146567
}