{
    "type": "Stereo Calibration",
    "version": 1.1,
    "master": {
        "serial": 0,
        "camera_pose": {
            "trans": [
                0.0,
                0.0,
                0.0
            ],
            "rot": [
                0,
                0.0,
                0.0
            ]
        },
        "lens_params": {
            "focal_len": [
                -1478.4662211292052,
                -1478.4662211292052
            ],
            "principal_point": [
                643.3468017665348,
                475.81430857412
            ],
            "skew": 0,
            "k1": -0.07090095750008757,
            "k2": -0.5034850882939187,
            "k3": 0,
            "k4": 0,
            "k5": 0,
            "calib_res": [
                1280,
                964
            ]
        }
    },
    "slave": {
        "serial": 1,
        "camera_pose": {
            "trans": [
                -0.09217017383481596,
                6.392428276129755e-05,
                0.0004487124068713986
            ],
            "rot": [
                0.31529676437144777,
                0.05246212789163689,
                -0.20082280476950676
            ]
        },
        "lens_params": {
            "focal_len": [
                -1475.0862993016121,
                -1475.0862993016121
            ],
            "principal_point": [
                642.7556331389286,
                484.5896963456796
            ],
            "skew": 0,
            "k1": -0.0815848041002936,
            "k2": -0.40103430981469396,
            "k3": 0,
            "k4": 0,
            "k5": 0,
            "calib_res": [
                1280,
                964
            ]
        }
    },
    "reprojection_error": 0.1199930975146567
}