{
    "type": "Stereo Calibration",
    "version": 1.1,
    "master": {
        "serial": 0,
        "camera_pose": {
            "trans": [
                0.0,
                0.0,
                0.0
            ],
            "rot": [
                0,
                0.0,
                0.0
            ]
        },
        "lens_params": {
            "focal_len": [
                -1458.6128459842787,
                -1458.6128459842787
            ],
            "principal_point": [
                636.6236143810494,
                483.19218966751276
            ],
            "skew": 0,
            "k1": -0.09356019940731222,
            "k2": -0.38264216552838354,
            "k3": 0.0,
            "k4": 0.0,
            "k5": 0.0,
            "calib_res": [
                1280,
                964
            ]
        }
    },
    "slave": {
        "serial": 1,
        "camera_pose": {
            "trans": [
                -0.09016127372520051,
                -0.0005756449688331317,
                -0.000939768614327505
            ],
            "rot": [
                -0.2592230371549981,
                -0.48593458860243605,
                -0.22412701850550634
            ]
        },
        "lens_params": {
            "focal_len": [
                -1462.980291638738,
                -1462.980291638738
            ],
            "principal_point": [
                642.1323954646584,
                481.0524772480708
            ],
            "skew": 0,
            "k1": -0.07798199294349327,
            "k2": -0.46110148467306994,
            "k3": 0.0,
            "k4": 0.0,
            "k5": 0.0,
            "calib_res": [
                1280,
                964
            ]
        }
    },
    "reprojection_error": 0.15170411,
    "essensial_matrix": [
        -8.56e-06,
        -0.00017506,
        -0.0009283,
        0.00094236,
        -0.00041161,
        0.09015737,
        0.00057134,
        -0.09016506,
        -0.00041577
    ],
    "fundamental_matrix": [
        -1.4e-07,
        -2.81e-06,
        -0.02029214,
        1.513e-05,
        -6.61e-06,
        2.104751,
        0.0062294,
        -2.11270775,
        1.0
    ]
}