{
    "type": "Stereo Calibration",
    "version": 1.1,
    "master": {
        "serial": 0,
        "camera_pose": {
            "trans": [
                0.0,
                0.0,
                0.0
            ],
            "rot": [
                0,
                0.0,
                0.0
            ]
        },
        "lens_params": {
            "focal_len": [
                -1458.4178219004189,
                -1458.4178219004189
            ],
            "principal_point": [
                636.850017242025,
                483.3439577475233
            ],
            "skew": 0,
            "k1": -0.09223597612645683,
            "k2": -0.3869368069463904,
            "k3": 0.0,
            "k4": 0.0,
            "k5": 0.0,
            "calib_res": [
                1280,
                964
            ]
        }
    },
    "slave": {
        "serial": 1,
        "camera_pose": {
            "trans": [
                -0.09041035220985764,
                -0.000695363483738462,
                -0.000889389313330581
            ],
            "rot": [
                -0.26521504390965295,
                -0.4534301239800959,
                -0.22176374565309873
            ]
        },
        "lens_params": {
            "focal_len": [
                -1462.7702806410637,
                -1462.7702806410637
            ],
            "principal_point": [
                641.88938929955,
                481.2440596855398
            ],
            "skew": 0,
            "k1": -0.07662965133727526,
            "k2": -0.4645370054689554,
            "k3": 0.0,
            "k4": 0.0,
            "k5": 0.0,
            "calib_res": [
                1280,
                964
            ]
        }
    },
    "reprojection_error": 0.15491163,
    "essensial_matrix": [
        -8.95e-06,
        -0.00017387,
        -0.00104526,
        0.00089259,
        -0.00042196,
        0.09040598,
        0.00069119,
        -0.09041357,
        -0.00042675
    ],
    "fundamental_matrix": [
        -6.2e-07,
        -1.202e-05,
        -0.09920694,
        6.172e-05,
        -2.918e-05,
        9.09203665,
        0.0406069,
        -9.12345985,
        1.0
    ]
}