{
    "type": "Stereo Calibration",
    "version": 1.1,
    "master": {
        "serial": 0,
        "camera_pose": {
            "trans": [
                -0.09222473677484187,
                -0.0007335194798792585,
                -0.0004905510931810478
            ],
            "rot": [
                -0.23355492060842453,
                0.07371096252840083,
                -0.027671170761084538
            ]
        },
        "lens_params": {
            "focal_len": [
                1478.4562912171298,
                1478.4562912171298
            ],
            "principal_point": [
                644.8845123286467,
                477.50064166000163
            ],
            "skew": 0,
            "k1": -0.07204681448777003,
            "k2": -0.5113757771613183,
            "k3": 0,
            "k4": 0,
            "k5": 0,
            "calib_res": [
                1280,
                964
            ]
        }
    },
    "slave": {
        "serial": 1,
        "camera_pose": {
            "trans": [
                0,
                0,
                0
            ],
            "rot": [
                0,
                0,
                0
            ]
        },
        "lens_params": {
            "focal_len": [
                1486.2392691040811,
                1486.2392691040811
            ],
            "principal_point": [
                637.2618830615992,
                472.25206543824515
            ],
            "skew": 0,
            "k1": -0.07201396503349516,
            "k2": -0.4908786489015885,
            "k3": 0,
            "k4": 0,
            "k5": 0,
            "calib_res": [
                1280,
                964
            ]
        }
    },
    "reprojection_error": 0.1440378693605604
}