{
    "type": "Calibration Parameter for Stereo Camera",
    "version": 1.2,
    "master": {
        "serial": 0,
        "camera_pose": {
            "trans": [
                0.0,
                0.0,
                0.0
            ],
            "rot": [
                0,
                0.0,
                0.0
            ]
        },
        "lens_params": {
            "focal_len": [
                -1471.6459690230108,
                -1471.6459690230108
            ],
            "principal_point": [
                655.2143060988824,
                498.0274889627811
            ],
            "skew": 0,
            "k1": -0.08451471276010657,
            "k2": -0.49516297279911947,
            "k3": 0.0,
            "k4": 0.0,
            "k5": 0.0,
            "calib_res": [
                1280,
                964
            ]
        }
    },
    "slave": {
        "serial": 1,
        "camera_pose": {
            "trans": [
                -0.09274350632013881,
                -0.0012072560602277636,
                -0.0011327343681759665
            ],
            "rot": [
                -0.8197196010995883,
                0.30166186284607455,
                -0.7265046776134814
            ]
        },
        "lens_params": {
            "focal_len": [
                -1480.852159233368,
                -1480.852159233368
            ],
            "principal_point": [
                634.5865386091534,
                478.64862052782394
            ],
            "skew": 0,
            "k1": -0.05312199608235185,
            "k2": -0.5370465713283225,
            "k3": 0.0,
            "k4": 0.0,
            "k5": 0.0,
            "calib_res": [
                1280,
                964
            ]
        }
    },
    "reprojection_error": 0.14907082,
    "essensial_matrix": [
        -8.01e-06,
        -0.00162092,
        -0.00238307,
        0.0011498,
        -0.00134108,
        0.09271143,
        0.00119099,
        -0.09272656,
        -0.00131395
    ],
    "fundamental_matrix": [
        -1e-08,
        -2e-06,
        -0.0033183,
        1.42e-06,
        -1.65e-06,
        0.16791773,
        0.00150046,
        -0.16704445,
        1.0
    ]
}