{
    "type": "Stereo Calibration",
    "version": 1.1,
    "master": {
        "serial": 0,
        "camera_pose": {
            "trans": [
                0.0,
                0.0,
                0.0
            ],
            "rot": [
                0,
                0.0,
                0.0
            ]
        },
        "lens_params": {
            "focal_len": [
                -1458.8989786466802,
                -1458.8989786466802
            ],
            "principal_point": [
                636.5098453038032,
                483.1440538230268
            ],
            "skew": 0,
            "k1": -0.09326083490206363,
            "k2": -0.3847997301520197,
            "k3": 0.0,
            "k4": 0.0,
            "k5": 0.0,
            "calib_res": [
                1280,
                964
            ]
        }
    },
    "slave": {
        "serial": 1,
        "camera_pose": {
            "trans": [
                -0.09024520544640333,
                -0.0004402565588313705,
                -0.0008106374664975162
            ],
            "rot": [
                -0.25702499559194336,
                -0.48392230841169914,
                -0.22013879465119912
            ]
        },
        "lens_params": {
            "focal_len": [
                -1463.0269423311288,
                -1463.0269423311288
            ],
            "principal_point": [
                642.1162071070302,
                480.7296485161767
            ],
            "skew": 0,
            "k1": -0.07833519873461126,
            "k2": -0.4565962651544763,
            "k3": 0.0,
            "k4": 0.0,
            "k5": 0.0,
            "calib_res": [
                1280,
                964
            ]
        }
    },
    "reprojection_error": 0.14965614,
    "essensial_matrix": [
        -6.83e-06,
        -4.84e-05,
        -0.00078696,
        0.0008126,
        -0.00040796,
        0.09024191,
        0.00043657,
        -0.09024791,
        -0.00041147
    ],
    "fundamental_matrix": [
        -8e-08,
        -5.3e-07,
        -0.0123677,
        8.97e-06,
        -4.5e-06,
        1.44979428,
        0.00278698,
        -1.4550292,
        1.0
    ]
}