{
    "type": "Stereo Calibration",
    "version": 1.1,
    "master": {
        "serial": 0,
        "camera_pose": {
            "trans": [
                0.0,
                0.0,
                0.0
            ],
            "rot": [
                0,
                0.0,
                0.0
            ]
        },
        "lens_params": {
            "focal_len": [
                -1458.6728824650463,
                -1458.6728824650463
            ],
            "principal_point": [
                636.6355698644525,
                483.51630284960453
            ],
            "skew": 0,
            "k1": -0.09281829449719062,
            "k2": -0.3845275857349695,
            "k3": 0.0,
            "k4": 0.0,
            "k5": 0.0,
            "calib_res": [
                1280,
                964
            ]
        }
    },
    "slave": {
        "serial": 1,
        "camera_pose": {
            "trans": [
                -0.09012942031466716,
                -0.0004541506585271267,
                -0.0010704847147358536
            ],
            "rot": [
                -0.26477004634233137,
                -0.483448727084652,
                -0.22264527144501872
            ]
        },
        "lens_params": {
            "focal_len": [
                -1463.345371277078,
                -1463.345371277078
            ],
            "principal_point": [
                641.8722084427571,
                480.90885147362997
            ],
            "skew": 0,
            "k1": -0.0776127197927249,
            "k2": -0.46338013631826175,
            "k3": 0.0,
            "k4": 0.0,
            "k5": 0.0,
            "calib_res": [
                1280,
                964
            ]
        }
    },
    "reprojection_error": 0.15488609,
    "essensial_matrix": [
        -7.99e-06,
        -0.00030996,
        -0.00080435,
        0.00107256,
        -0.00042068,
        0.09012598,
        0.00044915,
        -0.09013426,
        -0.00042327
    ],
    "fundamental_matrix": [
        -7e-08,
        -2.71e-06,
        -0.00889127,
        9.36e-06,
        -3.67e-06,
        1.14366009,
        0.00127985,
        -1.14812519,
        1.0
    ]
}