{
    "type": "Calibration Parameter for Stereo Camera",
    "version": 1.2,
    "master": {
        "serial": 0,
        "camera_pose": {
            "trans": [
                0.0,
                0.0,
                0.0
            ],
            "rot": [
                0,
                0.0,
                0.0
            ]
        },
        "lens_params": {
            "focal_len": [
                -1471.5183442800198,
                -1471.5183442800198
            ],
            "principal_point": [
                655.1219516514992,
                498.0210217625393
            ],
            "skew": 0,
            "k1": -0.08415976390036507,
            "k2": -0.495378820596103,
            "k3": 0.0,
            "k4": 0.0,
            "k5": 0.0,
            "calib_res": [
                1280,
                964
            ]
        }
    },
    "slave": {
        "serial": 1,
        "camera_pose": {
            "trans": [
                -0.09304798587561872,
                -0.0011228921218908085,
                -0.0008978377215285935
            ],
            "rot": [
                -0.8152837900869818,
                0.3188038513205989,
                -0.7276109169811081
            ]
        },
        "lens_params": {
            "focal_len": [
                -1480.1378843050354,
                -1480.1378843050354
            ],
            "principal_point": [
                634.6581805134468,
                478.60477043167714
            ],
            "skew": 0,
            "k1": -0.05294917475245804,
            "k2": -0.5308275064620278,
            "k3": 0.0,
            "k4": 0.0,
            "k5": 0.0,
            "calib_res": [
                1280,
                964
            ]
        }
    },
    "reprojection_error": 0.16381384,
    "essensial_matrix": [
        -5.15e-06,
        -0.00141548,
        -0.00230437,
        0.00091365,
        -0.00133528,
        0.09301699,
        0.00111005,
        -0.09303197,
        -0.00131084
    ],
    "fundamental_matrix": [
        -1e-08,
        -1.75e-06,
        -0.00332319,
        1.13e-06,
        -1.65e-06,
        0.1696435,
        0.00149772,
        -0.16867733,
        1.0
    ]
}