{
    "type": "Stereo Calibration",
    "version": 1.1,
    "master": {
        "serial": 0,
        "camera_pose": {
            "trans": [
                0.0,
                0.0,
                0.0
            ],
            "rot": [
                0,
                0.0,
                0.0
            ]
        },
        "lens_params": {
            "focal_len": [
                -1458.6709075618855,
                -1458.6709075618855
            ],
            "principal_point": [
                636.7261620946929,
                483.6821783315876
            ],
            "skew": 0,
            "k1": -0.09303610854561035,
            "k2": -0.3810454878477855,
            "k3": 0.0,
            "k4": 0.0,
            "k5": 0.0,
            "calib_res": [
                1280,
                964
            ]
        }
    },
    "slave": {
        "serial": 1,
        "camera_pose": {
            "trans": [
                -0.09058110779493769,
                -0.00028908102274184373,
                -0.00047391784750384154
            ],
            "rot": [
                -0.2434735502750319,
                -0.44842224301982936,
                -0.22057482129105394
            ]
        },
        "lens_params": {
            "focal_len": [
                -1462.1533727243866,
                -1462.1533727243866
            ],
            "principal_point": [
                642.0257553669253,
                481.26058410343046
            ],
            "skew": 0,
            "k1": -0.07722614490890374,
            "k2": -0.4602527413621517,
            "k3": 0.0,
            "k4": 0.0,
            "k5": 0.0,
            "calib_res": [
                1280,
                964
            ]
        }
    },
    "reprojection_error": 0.15466954,
    "essensial_matrix": [
        -4.09e-06,
        0.00023502,
        -0.00063777,
        0.00047514,
        -0.00038674,
        0.09057848,
        0.00028704,
        -0.09058122,
        -0.0003899
    ],
    "fundamental_matrix": [
        -4e-08,
        2.35e-06,
        -0.01043407,
        4.76e-06,
        -3.87e-06,
        1.32266254,
        0.00194035,
        -1.32666702,
        1.0
    ]
}