{
    "type": "Stereo Calibration",
    "version": 1.1,
    "master": {
        "serial": 0,
        "camera_pose": {
            "trans": [
                0.0,
                0.0,
                0.0
            ],
            "rot": [
                0,
                0.0,
                0.0
            ]
        },
        "lens_params": {
            "focal_len": [
                -1456.9426781145828,
                -1456.9426781145828
            ],
            "principal_point": [
                636.5210962526796,
                483.5232189166033
            ],
            "skew": 0,
            "k1": -0.09417164613941638,
            "k2": -0.3786009119585232,
            "k3": 0.0,
            "k4": 0.0,
            "k5": 0.0,
            "calib_res": [
                1280,
                964
            ]
        }
    },
    "slave": {
        "serial": 1,
        "camera_pose": {
            "trans": [
                -0.09044670119252411,
                -0.0004585436455883688,
                -0.0010246084656835644
            ],
            "rot": [
                -0.25133304083747204,
                -0.45254731680851285,
                -0.22105916934590614
            ]
        },
        "lens_params": {
            "focal_len": [
                -1461.4922042537103,
                -1461.4922042537103
            ],
            "principal_point": [
                641.9090416412331,
                481.43373144933065
            ],
            "skew": 0,
            "k1": -0.0786318701981424,
            "k2": -0.4522038396625674,
            "k3": 0.0,
            "k4": 0.0,
            "k5": 0.0,
            "calib_res": [
                1280,
                964
            ]
        }
    },
    "reprojection_error": 0.15059409,
    "essensial_matrix": [
        -7.57e-06,
        -0.00031019,
        -0.00080748,
        0.0010266,
        -0.00040073,
        0.09044336,
        0.000454,
        -0.09045109,
        -0.00040312
    ],
    "fundamental_matrix": [
        -1e-07,
        -4.07e-06,
        -0.0134151,
        1.348e-05,
        -5.26e-06,
        1.7242352,
        0.00228659,
        -1.73067486,
        1.0
    ]
}