{
    "type": "Calibration Parameter for Stereo Camera",
    "version": 1.2,
    "master": {
        "serial": 0,
        "camera_pose": {
            "trans": [
                0.0,
                0.0,
                0.0
            ],
            "rot": [
                0,
                0.0,
                0.0
            ]
        },
        "lens_params": {
            "focal_len": [
                -1471.8614965425045,
                -1471.8614965425045
            ],
            "principal_point": [
                655.2098740898455,
                498.02837604279233
            ],
            "skew": 0,
            "k1": -0.08518182737381352,
            "k2": -0.4933161360429621,
            "k3": 0.0,
            "k4": 0.0,
            "k5": 0.0,
            "calib_res": [
                1280,
                964
            ]
        }
    },
    "slave": {
        "serial": 1,
        "camera_pose": {
            "trans": [
                -0.09289666979505881,
                -0.0012024417059816916,
                -0.0009731222490162755
            ],
            "rot": [
                -0.8160466429827956,
                0.3092638650050112,
                -0.727219792004081
            ]
        },
        "lens_params": {
            "focal_len": [
                -1480.6352569204419,
                -1480.6352569204419
            ],
            "principal_point": [
                634.6562190022145,
                478.74487530377155
            ],
            "skew": 0,
            "k1": -0.053528420207866516,
            "k2": -0.5339381673411701,
            "k3": 0.0,
            "k4": 0.0,
            "k5": 0.0,
            "calib_res": [
                1280,
                964
            ]
        }
    },
    "reprojection_error": 0.1613285,
    "essensial_matrix": [
        -5.86e-06,
        -0.00147445,
        -0.00238136,
        0.00099007,
        -0.00133531,
        0.09286469,
        0.00118851,
        -0.09288047,
        -0.00130988
    ],
    "fundamental_matrix": [
        -1e-08,
        -1.86e-06,
        -0.00348583,
        1.25e-06,
        -1.68e-06,
        0.17222113,
        0.00162454,
        -0.17127218,
        1.0
    ]
}