{
    "type": "Calibration Parameter for Stereo Camera",
    "version": 1.2,
    "master": {
        "serial": 0,
        "camera_pose": {
            "trans": [
                0.0,
                0.0,
                0.0
            ],
            "rot": [
                0,
                0.0,
                0.0
            ]
        },
        "lens_params": {
            "focal_len": [
                -1472.71600497003,
                -1472.71600497003
            ],
            "principal_point": [
                655.3139313831896,
                498.2132086566954
            ],
            "skew": 0,
            "k1": -0.08543157868145,
            "k2": -0.49835690760748985,
            "k3": 0.0,
            "k4": 0.0,
            "k5": 0.0,
            "calib_res": [
                1280,
                964
            ]
        }
    },
    "slave": {
        "serial": 1,
        "camera_pose": {
            "trans": [
                -0.09235129735253393,
                -0.0010876773666086165,
                -0.0003337338128668904
            ],
            "rot": [
                -0.8165050042917836,
                0.2821722861961481,
                -0.7257678415921741
            ]
        },
        "lens_params": {
            "focal_len": [
                -1480.097290830999,
                -1480.097290830999
            ],
            "principal_point": [
                634.4530313032824,
                478.7241050881862
            ],
            "skew": 0,
            "k1": -0.05239273302781621,
            "k2": -0.5441366682250831,
            "k3": 0.0,
            "k4": 0.0,
            "k5": 0.0,
            "calib_res": [
                1280,
                964
            ]
        }
    },
    "reprojection_error": 0.17015817,
    "essensial_matrix": [
        1.13e-06,
        -0.00078852,
        -0.00225735,
        0.00034917,
        -0.00132021,
        0.09232089,
        0.00108282,
        -0.0923391,
        -0.00130461
    ],
    "fundamental_matrix": [
        0.0,
        -1.03e-06,
        -0.0038391,
        4.6e-07,
        -1.73e-06,
        0.17856851,
        0.0018785,
        -0.17745194,
        1.0
    ]
}