{
    "type": "Calibration Parameter for Stereo Camera",
    "version": 1.2,
    "master": {
        "serial": 0,
        "camera_pose": {
            "trans": [
                0.0,
                0.0,
                0.0
            ],
            "rot": [
                0,
                0.0,
                0.0
            ]
        },
        "lens_params": {
            "focal_len": [
                -1471.9766213307548,
                -1471.9766213307548
            ],
            "principal_point": [
                655.2120565551637,
                497.9532466674622
            ],
            "skew": 0,
            "k1": -0.08554733466039223,
            "k2": -0.4979780794110635,
            "k3": 0.0,
            "k4": 0.0,
            "k5": 0.0,
            "calib_res": [
                1280,
                964
            ]
        }
    },
    "slave": {
        "serial": 1,
        "camera_pose": {
            "trans": [
                -0.09255729906264441,
                -0.0010853146304417752,
                -0.000842516762540254
            ],
            "rot": [
                -0.8096894070504761,
                0.2820512690114306,
                -0.7273392880486016
            ]
        },
        "lens_params": {
            "focal_len": [
                -1480.3815067402772,
                -1480.3815067402772
            ],
            "principal_point": [
                634.6718076034208,
                478.59195782334683
            ],
            "skew": 0,
            "k1": -0.05390875955581365,
            "k2": -0.5312120105936786,
            "k3": 0.0,
            "k4": 0.0,
            "k5": 0.0,
            "calib_res": [
                1280,
                964
            ]
        }
    },
    "reprojection_error": 0.1720175,
    "essensial_matrix": [
        -5.35e-06,
        -0.00129807,
        -0.00226013,
        0.0008577,
        -0.00131857,
        0.09252698,
        0.00107334,
        -0.09254264,
        -0.00129653
    ],
    "fundamental_matrix": [
        -1e-08,
        -1.58e-06,
        -0.00325222,
        1.04e-06,
        -1.6e-06,
        0.16557921,
        0.00143583,
        -0.16466968,
        1.0
    ]
}