{
    "type": "Stereo Calibration",
    "version": 1.1,
    "master": {
        "serial": 0,
        "camera_pose": {
            "trans": [
                0.0,
                0.0,
                0.0
            ],
            "rot": [
                0,
                0.0,
                0.0
            ]
        },
        "lens_params": {
            "focal_len": [
                -1459.0114894102262,
                -1459.0114894102262
            ],
            "principal_point": [
                636.5237407276469,
                483.54790857335206
            ],
            "skew": 0,
            "k1": -0.09343872640185896,
            "k2": -0.38439992828492936,
            "k3": 0.0,
            "k4": 0.0,
            "k5": 0.0,
            "calib_res": [
                1280,
                964
            ]
        }
    },
    "slave": {
        "serial": 1,
        "camera_pose": {
            "trans": [
                -0.09001178533678476,
                -0.000535136486950106,
                -9.676851925819296e-06
            ],
            "rot": [
                -0.2560351584965292,
                -0.4821821895282598,
                -0.22404729674406107
            ]
        },
        "lens_params": {
            "focal_len": [
                -1461.4634723980305,
                -1461.4634723980305
            ],
            "principal_point": [
                641.6453304546735,
                481.41984305286906
            ],
            "skew": 0,
            "k1": -0.0779087556169233,
            "k2": -0.46046815710579386,
            "k3": 0.0,
            "k4": 0.0,
            "k5": 0.0,
            "calib_res": [
                1280,
                964
            ]
        }
    },
    "reprojection_error": 0.15042223,
    "essensial_matrix": [
        -4.54e-06,
        0.00074782,
        -0.00088708,
        1.207e-05,
        -0.00040225,
        0.09000807,
        0.00053507,
        -0.09000778,
        -0.00040968
    ],
    "fundamental_matrix": [
        3.1e-07,
        -5.102e-05,
        0.11276622,
        -8.2e-07,
        2.744e-05,
        -8.97160182,
        -0.05314943,
        8.99340689,
        1.0
    ]
}