{
    "type": "Stereo Calibration",
    "version": 1.1,
    "master": {
        "serial": 0,
        "camera_pose": {
            "trans": [
                0.0,
                0.0,
                0.0
            ],
            "rot": [
                0,
                0.0,
                0.0
            ]
        },
        "lens_params": {
            "focal_len": [
                -1471.3315087820124,
                -1470.6500287776882
            ],
            "principal_point": [
                641.8477022293812,
                479.4471369108511
            ],
            "skew": 0,
            "k1": -0.03890073954335828,
            "k2": -1.0388078086482295,
            "k3": 0.002927272559186246,
            "k4": 0.0007061414853407937,
            "k5": 2.245163165983102,
            "calib_res": [
                1280,
                964
            ]
        }
    },
    "slave": {
        "serial": 1,
        "camera_pose": {
            "trans": [
                -0.09131121803887814,
                -0.0003722742470738693,
                -0.000934953351873592
            ],
            "rot": [
                0.13212414669028338,
                -0.13423257094102062,
                0.06164215572893929
            ]
        },
        "lens_params": {
            "focal_len": [
                -1476.3283579975453,
                -1476.008420269156
            ],
            "principal_point": [
                642.579981202747,
                482.8718933059482
            ],
            "skew": 0,
            "k1": -0.034329881207535,
            "k2": -1.0928481270312103,
            "k3": 0.002044310655692239,
            "k4": -0.00027928239276111253,
            "k5": 2.5820008910050274,
            "calib_res": [
                1280,
                964
            ]
        }
    },
    "reprojection_error": 0.10201076,
    "essensial_matrix": [
        1.3e-07,
        -0.00072103,
        -0.00027404,
        0.00093409,
        0.00021157,
        0.09131132,
        0.00037443,
        -0.09131291,
        0.00020992
    ],
    "fundamental_matrix": [
        0.0,
        -2.86e-06,
        -0.0002276,
        3.7e-06,
        8.4e-07,
        0.52978349,
        0.00040247,
        -0.53308021,
        1.0
    ]
}