{
    "type": "Stereo Calibration",
    "version": 1.1,
    "master": {
        "serial": 0,
        "camera_pose": {
            "trans": [
                0.0,
                0.0,
                0.0
            ],
            "rot": [
                0,
                0.0,
                0.0
            ]
        },
        "lens_params": {
            "focal_len": [
                -1455.8747464854093,
                -1455.8747464854093
            ],
            "principal_point": [
                643.8611385430904,
                483.9679829686517
            ],
            "skew": 0,
            "k1": -0.08460585518678637,
            "k2": -0.40341184310147726,
            "k3": 0.0,
            "k4": 0.0,
            "k5": 0.0,
            "calib_res": [
                1280,
                964
            ]
        }
    },
    "slave": {
        "serial": 1,
        "camera_pose": {
            "trans": [
                -0.09218901546647149,
                -0.001742188143068759,
                -0.0035733155834719115
            ],
            "rot": [
                0.013700783583842625,
                0.041710276170634414,
                0.030307116143851547
            ]
        },
        "lens_params": {
            "focal_len": [
                -1467.0203550876568,
                -1467.0203550876568
            ],
            "principal_point": [
                641.9902935221104,
                487.4233109084842
            ],
            "skew": 0,
            "k1": -0.0791928207903017,
            "k2": -0.42327817169358917,
            "k3": 0.0,
            "k4": 0.0,
            "k5": 0.0,
            "calib_res": [
                1280,
                964
            ]
        }
    },
    "reprojection_error": 0.18988298,
    "essensial_matrix": [
        3.16e-06,
        -0.00364043,
        -0.00169342,
        0.0035729,
        2.393e-05,
        0.09218992,
        0.00174304,
        -0.09218639,
        2.328e-05
    ],
    "fundamental_matrix": [
        2.2e-07,
        -0.00025548,
        -0.04951791,
        0.00025074,
        1.68e-06,
        9.25693499,
        0.05709291,
        -9.32773906,
        1.0
    ]
}