{
    "type": "Calibration Parameter for Stereo Camera",
    "version": 1.2,
    "master": {
        "serial": 0,
        "camera_pose": {
            "trans": [
                0.0,
                0.0,
                0.0
            ],
            "rot": [
                0,
                0.0,
                0.0
            ]
        },
        "lens_params": {
            "focal_len": [
                -1482.6769087379,
                -1482.6769087379
            ],
            "principal_point": [
                664.9837079924184,
                493.8128351236175
            ],
            "skew": 0,
            "k1": -0.05864866435651648,
            "k2": -0.6121578259966057,
            "k3": 0.0,
            "k4": 0.0,
            "k5": 0.0,
            "calib_res": [
                1280,
                964
            ]
        }
    },
    "slave": {
        "serial": 1,
        "camera_pose": {
            "trans": [
                -0.09281092894437634,
                0.0019885456429634177,
                0.0023608303242761298
            ],
            "rot": [
                0.2710225113654758,
                0.02628790037730099,
                -0.7548303745255797
            ]
        },
        "lens_params": {
            "focal_len": [
                -1478.6625966431181,
                -1478.6625966431181
            ],
            "principal_point": [
                650.2774553777026,
                497.0342112460547
            ],
            "skew": 0,
            "k1": -0.06456601731008776,
            "k2": -0.48678220869376243,
            "k3": 0.0,
            "k4": 0.0,
            "k5": 0.0,
            "calib_res": [
                1280,
                964
            ]
        }
    },
    "reprojection_error": 0.14033982,
    "essensial_matrix": [
        3.019e-05,
        0.00231804,
        0.00076569,
        -0.00235119,
        0.00047012,
        0.09282803,
        -0.0019997,
        -0.09281082,
        0.00043875
    ],
    "fundamental_matrix": [
        2e-08,
        1.41e-06,
        -1.791e-05,
        -1.43e-06,
        2.9e-07,
        0.08444281,
        -0.00109857,
        -0.08444985,
        1.0
    ]
}