{
    "type": "Stereo Calibration",
    "version": 1.1,
    "master": {
        "serial": 0,
        "camera_pose": {
            "trans": [
                0.0,
                0.0,
                0.0
            ],
            "rot": [
                0,
                0.0,
                0.0
            ]
        },
        "lens_params": {
            "focal_len": [
                -1458.5302596594388,
                -1458.5302596594388
            ],
            "principal_point": [
                636.3535147696807,
                483.6595674092931
            ],
            "skew": 0,
            "k1": -0.09204144559885245,
            "k2": -0.38520525344410234,
            "k3": 0.0,
            "k4": 0.0,
            "k5": 0.0,
            "calib_res": [
                1280,
                964
            ]
        }
    },
    "slave": {
        "serial": 1,
        "camera_pose": {
            "trans": [
                -0.09039731546878155,
                -0.00055316453948603,
                -0.0017478387270528919
            ],
            "rot": [
                -0.26111153334254383,
                -0.4586906256762332,
                -0.22102951824268063
            ]
        },
        "lens_params": {
            "focal_len": [
                -1464.6452843152392,
                -1464.6452843152392
            ],
            "principal_point": [
                641.5130328822438,
                481.33824597913554
            ],
            "skew": 0,
            "k1": -0.07683142365229875,
            "k2": -0.4643741617062081,
            "k3": 0.0,
            "k4": 0.0,
            "k5": 0.0,
            "calib_res": [
                1280,
                964
            ]
        }
    },
    "reprojection_error": 0.14839512,
    "essensial_matrix": [
        -1.117e-05,
        -0.00102409,
        -0.00090186,
        0.00175033,
        -0.00041876,
        0.09039354,
        0.00054512,
        -0.09040744,
        -0.00041917
    ],
    "fundamental_matrix": [
        -8e-08,
        -7.32e-06,
        -0.00581112,
        1.251e-05,
        -2.99e-06,
        0.93589743,
        -0.00026393,
        -0.94037131,
        1.0
    ]
}