{
    "type": "Calibration Parameter for Stereo Camera",
    "version": 1.2,
    "master": {
        "serial": 0,
        "camera_pose": {
            "trans": [
                0.0,
                0.0,
                0.0
            ],
            "rot": [
                0,
                0.0,
                0.0
            ]
        },
        "lens_params": {
            "focal_len": [
                -1471.7045515272666,
                -1471.7045515272666
            ],
            "principal_point": [
                655.1820711085377,
                498.0217751100691
            ],
            "skew": 0,
            "k1": -0.08433356456815987,
            "k2": -0.4980226474816422,
            "k3": 0.0,
            "k4": 0.0,
            "k5": 0.0,
            "calib_res": [
                1280,
                964
            ]
        }
    },
    "slave": {
        "serial": 1,
        "camera_pose": {
            "trans": [
                -0.09248264504112157,
                -0.0011026550756767465,
                -0.0010502198506429636
            ],
            "rot": [
                -0.8075965599549773,
                0.27907530024445315,
                -0.7286173287003123
            ]
        },
        "lens_params": {
            "focal_len": [
                -1480.6843966270233,
                -1480.6843966270233
            ],
            "principal_point": [
                634.5807486914796,
                478.7459105258641
            ],
            "skew": 0,
            "k1": -0.05358534785410702,
            "k2": -0.5348637004534986,
            "k3": 0.0,
            "k4": 0.0,
            "k5": 0.0,
            "calib_res": [
                1280,
                964
            ]
        }
    },
    "reprojection_error": 0.15531859,
    "essensial_matrix": [
        -7.98e-06,
        -0.00150058,
        -0.00227859,
        0.00106557,
        -0.00131679,
        0.09245212,
        0.0010878,
        -0.09246706,
        -0.00129212
    ],
    "fundamental_matrix": [
        -1e-08,
        -1.77e-06,
        -0.00307089,
        1.26e-06,
        -1.55e-06,
        0.16060188,
        0.00130542,
        -0.15978959,
        1.0
    ]
}