{
    "type": "Stereo Calibration",
    "version": 1.1,
    "master": {
        "serial": 0,
        "camera_pose": {
            "trans": [
                0.0,
                0.0,
                0.0
            ],
            "rot": [
                0,
                0.0,
                0.0
            ]
        },
        "lens_params": {
            "focal_len": [
                -1458.234440558312,
                -1458.234440558312
            ],
            "principal_point": [
                636.6285214450983,
                483.198859281493
            ],
            "skew": 0,
            "k1": -0.0918342101081498,
            "k2": -0.3853161338948366,
            "k3": 0.0,
            "k4": 0.0,
            "k5": 0.0,
            "calib_res": [
                1280,
                964
            ]
        }
    },
    "slave": {
        "serial": 1,
        "camera_pose": {
            "trans": [
                -0.090509895621815,
                -0.0006328063050605851,
                -0.0007539312220436399
            ],
            "rot": [
                -0.25153445578803363,
                -0.45573477191191336,
                -0.22277469941551833
            ]
        },
        "lens_params": {
            "focal_len": [
                -1462.3013983151557,
                -1462.3013983151557
            ],
            "principal_point": [
                641.895619789781,
                481.29513336118737
            ],
            "skew": 0,
            "k1": -0.07613119412532053,
            "k2": -0.4644441187028874,
            "k3": 0.0,
            "k4": 0.0,
            "k5": 0.0,
            "calib_res": [
                1280,
                964
            ]
        }
    },
    "reprojection_error": 0.14913043,
    "essensial_matrix": [
        -7.96e-06,
        -3.399e-05,
        -0.00098469,
        0.0007567,
        -0.00040029,
        0.09050584,
        0.00062945,
        -0.09051214,
        -0.00040517
    ],
    "fundamental_matrix": [
        -2.6e-07,
        -1.12e-06,
        -0.04670663,
        2.499e-05,
        -1.322e-05,
        4.3486806,
        0.01853721,
        -4.36357796,
        1.0
    ]
}