{
    "type": "Stereo Calibration",
    "version": 1.1,
    "master": {
        "serial": 0,
        "camera_pose": {
            "trans": [
                0.0,
                0.0,
                0.0
            ],
            "rot": [
                0,
                0.0,
                0.0
            ]
        },
        "lens_params": {
            "focal_len": [
                -1459.3910149683993,
                -1459.3910149683993
            ],
            "principal_point": [
                636.826921074298,
                483.2715242631462
            ],
            "skew": 0,
            "k1": -0.09311096318157404,
            "k2": -0.384738691753604,
            "k3": 0.0,
            "k4": 0.0,
            "k5": 0.0,
            "calib_res": [
                1280,
                964
            ]
        }
    },
    "slave": {
        "serial": 1,
        "camera_pose": {
            "trans": [
                -0.09028883834339463,
                -0.0006040665929780772,
                -0.0005185300527422018
            ],
            "rot": [
                -0.26831587374794336,
                -0.4577628778655282,
                -0.22378613177126028
            ]
        },
        "lens_params": {
            "focal_len": [
                -1462.9508483638097,
                -1462.9508483638097
            ],
            "principal_point": [
                641.7162482531813,
                480.91028455407354
            ],
            "skew": 0,
            "k1": -0.07757843164851644,
            "k2": -0.4607757491534255,
            "k3": 0.0,
            "k4": 0.0,
            "k5": 0.0,
            "calib_res": [
                1280,
                964
            ]
        }
    },
    "reprojection_error": 0.1528249,
    "essensial_matrix": [
        -6.85e-06,
        0.00020284,
        -0.00095668,
        0.00052135,
        -0.00042485,
        0.09028476,
        0.0006016,
        -0.0902891,
        -0.00043045
    ],
    "fundamental_matrix": [
        -9.8e-07,
        2.901e-05,
        -0.21304649,
        7.455e-05,
        -6.075e-05,
        18.82365859,
        0.0906305,
        -18.87803906,
        1.0
    ]
}