{
    "type": "Stereo Calibration",
    "version": 1.1,
    "master": {
        "serial": 0,
        "camera_pose": {
            "trans": [
                0.0,
                0.0,
                0.0
            ],
            "rot": [
                0,
                0.0,
                0.0
            ]
        },
        "lens_params": {
            "focal_len": [
                -1460.8181411977607,
                -1460.8181411977607
            ],
            "principal_point": [
                636.8687903591957,
                483.3441037628675
            ],
            "skew": 0,
            "k1": -0.09168702941218676,
            "k2": -0.39137034072501903,
            "k3": 0.0,
            "k4": 0.0,
            "k5": 0.0,
            "calib_res": [
                1280,
                964
            ]
        }
    },
    "slave": {
        "serial": 1,
        "camera_pose": {
            "trans": [
                -0.09061108856931316,
                -0.00043482996259793086,
                -8.66521495017481e-06
            ],
            "rot": [
                -0.259151857144384,
                -0.43084110597250325,
                -0.22524943381417686
            ]
        },
        "lens_params": {
            "focal_len": [
                -1463.3736657262184,
                -1463.3736657262184
            ],
            "principal_point": [
                641.7645852448471,
                480.8882555554681
            ],
            "skew": 0,
            "k1": -0.07784845900328882,
            "k2": -0.45723419330346954,
            "k3": 0.0,
            "k4": 0.0,
            "k5": 0.0,
            "calib_res": [
                1280,
                964
            ]
        }
    },
    "reprojection_error": 0.15015906,
    "essensial_matrix": [
        -3.3e-06,
        0.00067269,
        -0.00079103,
        1.063e-05,
        -0.00040986,
        0.09060773,
        0.00043477,
        -0.09060766,
        -0.00041577
    ],
    "fundamental_matrix": [
        1.805e-05,
        -0.00367428,
        8.0761395,
        -5.807e-05,
        0.00223869,
        -724.01444344,
        -3.45883334,
        725.51509582,
        1.0
    ]
}