{
    "type": "Stereo Calibration",
    "version": 1.1,
    "master": {
        "serial": 0,
        "camera_pose": {
            "trans": [
                0.0,
                0.0,
                0.0
            ],
            "rot": [
                0,
                0.0,
                0.0
            ]
        },
        "lens_params": {
            "focal_len": [
                -1460.2551076423395,
                -1460.2551076423395
            ],
            "principal_point": [
                636.5007522171136,
                483.31978994638615
            ],
            "skew": 0,
            "k1": -0.0932857336295897,
            "k2": -0.3845967191576054,
            "k3": 0.0,
            "k4": 0.0,
            "k5": 0.0,
            "calib_res": [
                1280,
                964
            ]
        }
    },
    "slave": {
        "serial": 1,
        "camera_pose": {
            "trans": [
                -0.09034740825185933,
                -0.000568142596270593,
                -0.00031384442942569685
            ],
            "rot": [
                -0.2551612065357114,
                -0.4604061324883978,
                -0.22553313526157265
            ]
        },
        "lens_params": {
            "focal_len": [
                -1463.2624204872984,
                -1463.2624204872984
            ],
            "principal_point": [
                641.6688677667548,
                481.20755401011985
            ],
            "skew": 0,
            "k1": -0.07655826745157249,
            "k2": -0.46720302424487264,
            "k3": 0.0,
            "k4": 0.0,
            "k5": 0.0,
            "calib_res": [
                1280,
                964
            ]
        }
    },
    "reprojection_error": 0.15003916,
    "essensial_matrix": [
        -5.8e-06,
        0.00041216,
        -0.00092374,
        0.00031637,
        -0.00040359,
        0.09034354,
        0.00056671,
        -0.09034611,
        -0.00040976
    ],
    "fundamental_matrix": [
        -2.37e-06,
        0.0001681,
        -0.62989145,
        0.00012903,
        -0.0001646,
        53.80322895,
        0.27763749,
        -53.94680024,
        1.0
    ]
}