{
    "type": "Stereo Calibration",
    "version": 1.1,
    "master": {
        "serial": 0,
        "camera_pose": {
            "trans": [
                0.0,
                0.0,
                0.0
            ],
            "rot": [
                0,
                0.0,
                0.0
            ]
        },
        "lens_params": {
            "focal_len": [
                -1459.5934419475614,
                -1459.5934419475614
            ],
            "principal_point": [
                636.9334968316199,
                483.3418792298727
            ],
            "skew": 0,
            "k1": -0.09152488941739335,
            "k2": -0.39227447520127506,
            "k3": 0.0,
            "k4": 0.0,
            "k5": 0.0,
            "calib_res": [
                1280,
                964
            ]
        }
    },
    "slave": {
        "serial": 1,
        "camera_pose": {
            "trans": [
                -0.09046968902461211,
                -0.0005668141723904914,
                -0.0011401242225075965
            ],
            "rot": [
                -0.26000802238538145,
                -0.45616209582644357,
                -0.2233127349399681
            ]
        },
        "lens_params": {
            "focal_len": [
                -1464.5117411882302,
                -1464.5117411882302
            ],
            "principal_point": [
                642.1712168528791,
                481.0813407878092
            ],
            "skew": 0,
            "k1": -0.07703592348845772,
            "k2": -0.46323310533277423,
            "k3": 0.0,
            "k4": 0.0,
            "k5": 0.0,
            "calib_res": [
                1280,
                964
            ]
        }
    },
    "reprojection_error": 0.15000928,
    "essensial_matrix": [
        -8.96e-06,
        -0.00041981,
        -0.00091939,
        0.00114268,
        -0.00041502,
        0.09046583,
        0.00056158,
        -0.09047495,
        -0.00041786
    ],
    "fundamental_matrix": [
        -1.1e-07,
        -4.98e-06,
        -0.01343275,
        1.354e-05,
        -4.92e-06,
        1.55880555,
        0.00330063,
        -1.5649245,
        1.0
    ]
}