{
    "type": "Stereo Calibration",
    "version": 1.1,
    "master": {
        "serial": 0,
        "camera_pose": {
            "trans": [
                0.0,
                0.0,
                0.0
            ],
            "rot": [
                0,
                0.0,
                0.0
            ]
        },
        "lens_params": {
            "focal_len": [
                -1457.5626597780622,
                -1457.5626597780622
            ],
            "principal_point": [
                636.3672832236695,
                483.09970956984336
            ],
            "skew": 0,
            "k1": -0.09316131655072088,
            "k2": -0.38400645217492874,
            "k3": 0.0,
            "k4": 0.0,
            "k5": 0.0,
            "calib_res": [
                1280,
                964
            ]
        }
    },
    "slave": {
        "serial": 1,
        "camera_pose": {
            "trans": [
                -0.09044829825374803,
                -0.0007094956890395599,
                -0.0010488047529839562
            ],
            "rot": [
                -0.27059457271412957,
                -0.46360037852833097,
                -0.22435997348737086
            ]
        },
        "lens_params": {
            "focal_len": [
                -1462.2487712379937,
                -1462.2487712379937
            ],
            "principal_point": [
                642.084874226352,
                481.0582405926036
            ],
            "skew": 0,
            "k1": -0.07810668014264384,
            "k2": -0.4602579159701491,
            "k3": 0.0,
            "k4": 0.0,
            "k5": 0.0,
            "calib_res": [
                1280,
                964
            ]
        }
    },
    "reprojection_error": 0.15397914,
    "essensial_matrix": [
        -9.85e-06,
        -0.00031692,
        -0.00106363,
        0.00105214,
        -0.0004313,
        0.09044378,
        0.00070448,
        -0.0904528,
        -0.00043575
    ],
    "fundamental_matrix": [
        -9e-07,
        -2.898e-05,
        -0.12719454,
        9.621e-05,
        -3.944e-05,
        12.0127783,
        0.04849385,
        -12.05733316,
        1.0
    ]
}