{
    "type": "Stereo Calibration",
    "version": 1.1,
    "master": {
        "serial": 0,
        "camera_pose": {
            "trans": [
                0.0,
                0.0,
                0.0
            ],
            "rot": [
                0,
                0.0,
                0.0
            ]
        },
        "lens_params": {
            "focal_len": [
                -1459.1506194739375,
                -1459.1506194739375
            ],
            "principal_point": [
                636.6915453032101,
                483.46240658499204
            ],
            "skew": 0,
            "k1": -0.09258353942198558,
            "k2": -0.3869511197865594,
            "k3": 0.0,
            "k4": 0.0,
            "k5": 0.0,
            "calib_res": [
                1280,
                964
            ]
        }
    },
    "slave": {
        "serial": 1,
        "camera_pose": {
            "trans": [
                -0.09052720219248046,
                -0.0006723867134751186,
                5.751480178101099e-05
            ],
            "rot": [
                -0.2616137076966642,
                -0.45838242643391075,
                -0.22316843349018928
            ]
        },
        "lens_params": {
            "focal_len": [
                -1461.3633581548133,
                -1461.3633581548133
            ],
            "principal_point": [
                642.0700666831161,
                481.4120591958231
            ],
            "skew": 0,
            "k1": -0.07651207012761276,
            "k2": -0.4607204910075316,
            "k3": 0.0,
            "k4": 0.0,
            "k5": 0.0,
            "calib_res": [
                1280,
                964
            ]
        }
    },
    "reprojection_error": 0.1488612,
    "essensial_matrix": [
        -5.16e-06,
        0.00078175,
        -0.00102495,
        -5.444e-05,
        -0.00041311,
        0.09052292,
        0.00067262,
        -0.0905229,
        -0.00042153
    ],
    "fundamental_matrix": [
        7e-08,
        -1.132e-05,
        0.02708295,
        7.9e-07,
        5.98e-06,
        -1.91615507,
        -0.01466164,
        1.92004991,
        1.0
    ]
}