{
    "type": "Stereo Calibration",
    "version": 1.1,
    "master": {
        "serial": 0,
        "camera_pose": {
            "trans": [
                0.0,
                0.0,
                0.0
            ],
            "rot": [
                0,
                0.0,
                0.0
            ]
        },
        "lens_params": {
            "focal_len": [
                -1458.2114100050876,
                -1458.2114100050876
            ],
            "principal_point": [
                636.4331400065636,
                483.5426745188403
            ],
            "skew": 0,
            "k1": -0.09380662664476729,
            "k2": -0.3839343356628626,
            "k3": 0.0,
            "k4": 0.0,
            "k5": 0.0,
            "calib_res": [
                1280,
                964
            ]
        }
    },
    "slave": {
        "serial": 1,
        "camera_pose": {
            "trans": [
                -0.09024832996573966,
                -0.00031023570676821054,
                -0.0008659625128610551
            ],
            "rot": [
                -0.254262950149798,
                -0.47367905301372754,
                -0.22415701580019562
            ]
        },
        "lens_params": {
            "focal_len": [
                -1462.4366063688217,
                -1462.4366063688217
            ],
            "principal_point": [
                641.8771713576264,
                481.0490278168497
            ],
            "skew": 0,
            "k1": -0.07789552818865718,
            "k2": -0.4606036598446483,
            "k3": 0.0,
            "k4": 0.0,
            "k5": 0.0,
            "calib_res": [
                1280,
                964
            ]
        }
    },
    "reprojection_error": 0.15123119,
    "essensial_matrix": [
        -5.95e-06,
        -0.00011983,
        -0.00066329,
        0.00086732,
        -0.0004039,
        0.09024551,
        0.00030635,
        -0.0902515,
        -0.00040597
    ],
    "fundamental_matrix": [
        -5e-08,
        -1.01e-06,
        -0.00762981,
        7.31e-06,
        -3.4e-06,
        1.10586408,
        0.00029167,
        -1.10987111,
        1.0
    ]
}