{
    "type": "Stereo Calibration",
    "version": 1.1,
    "master": {
        "serial": 0,
        "camera_pose": {
            "trans": [
                -0.09262736946104948,
                -0.0008942049333978274,
                -0.0019315279384267822
            ],
            "rot": [
                -0.3385111954642534,
                -0.15983728906024766,
                0.05410299492526459
            ]
        },
        "lens_params": {
            "focal_len": [
                1552.0117206427697,
                1552.0117206427697
            ],
            "principal_point": [
                628.6959044752597,
                464.62606375691684
            ],
            "skew": 0,
            "k1": -0.11713908067917803,
            "k2": -0.36616521396673557,
            "k3": 0,
            "k4": 0,
            "k5": 0,
            "calib_res": [
                1280,
                964
            ]
        }
    },
    "slave": {
        "serial": 1,
        "camera_pose": {
            "trans": [
                0,
                0,
                0
            ],
            "rot": [
                0,
                0,
                0
            ]
        },
        "lens_params": {
            "focal_len": [
                -1550.1676974065244,
                -1550.1676974065244
            ],
            "principal_point": [
                627.521371123889,
                462.0618065322589
            ],
            "skew": 0,
            "k1": -0.10273453562557726,
            "k2": -0.5078488087065127,
            "k3": 0,
            "k4": 0,
            "k5": 0,
            "calib_res": [
                1280,
                964
            ]
        }
    },
    "reprojection_error": 0.1476159298734066
}