{
    "type": "Stereo Calibration",
    "version": 1.1,
    "master": {
        "serial": 0,
        "camera_pose": {
            "trans": [
                0.0,
                0.0,
                0.0
            ],
            "rot": [
                0,
                0.0,
                0.0
            ]
        },
        "lens_params": {
            "focal_len": [
                -1478.4661242518762,
                -1478.4661242518762
            ],
            "principal_point": [
                643.3467886432654,
                475.81431529886487
            ],
            "skew": 0,
            "k1": -0.070900874508344,
            "k2": -0.5034852341756191,
            "k3": 0.0,
            "k4": 0.0,
            "k5": 0.0,
            "calib_res": [
                1280,
                964
            ]
        }
    },
    "slave": {
        "serial": 1,
        "camera_pose": {
            "trans": [
                -0.0921701942158569,
                6.39204224920607e-05,
                0.00044867620105195884
            ],
            "rot": [
                0.3152973154893201,
                0.052463630396472144,
                -0.20082288955317917
            ]
        },
        "lens_params": {
            "focal_len": [
                -1475.0862909773582,
                -1475.0862909773582
            ],
            "principal_point": [
                642.7556261462387,
                484.58972635289047
            ],
            "skew": 0,
            "k1": -0.08158482466921622,
            "k2": -0.4010339601409502,
            "k3": 0.0,
            "k4": 0.0,
            "k5": 0.0,
            "calib_res": [
                1280,
                964
            ]
        }
    },
    "reprojection_error": 0.1199931,
    "essensial_matrix": [
        1.51e-06,
        0.00036428,
        -0.00025914,
        -0.00044831,
        0.00050878,
        0.09216846,
        -6.639e-05,
        -0.09216916,
        0.00050744
    ],
    "fundamental_matrix": [
        1e-08,
        2.25e-06,
        -0.00344153,
        -2.77e-06,
        3.14e-06,
        0.84159627,
        0.00073065,
        -0.84236112,
        1.0
    ]
}