{
    "type": "Stereo Calibration",
    "version": 1.1,
    "master": {
        "serial": 0,
        "camera_pose": {
            "trans": [
                0.0,
                0.0,
                0.0
            ],
            "rot": [
                0,
                0.0,
                0.0
            ]
        },
        "lens_params": {
            "focal_len": [
                -1478.4662211292052,
                -1478.4662211292052
            ],
            "principal_point": [
                643.3468017665348,
                475.81430857412
            ],
            "skew": 0,
            "k1": -0.07090095750008757,
            "k2": -0.5034850882939187,
            "k3": 0.0,
            "k4": 0.0,
            "k5": 0.0,
            "calib_res": [
                1280,
                964
            ]
        }
    },
    "slave": {
        "serial": 1,
        "camera_pose": {
            "trans": [
                -0.09217017383481596,
                6.392428276129755e-05,
                0.0004487124068713986
            ],
            "rot": [
                0.31529676437144777,
                0.052462127891636894,
                -0.20082280476950679
            ]
        },
        "lens_params": {
            "focal_len": [
                -1475.0862993016121,
                -1475.0862993016121
            ],
            "principal_point": [
                642.7556331389286,
                484.5896963456796
            ],
            "skew": 0,
            "k1": -0.0815848041002936,
            "k2": -0.40103430981469396,
            "k3": 0.0,
            "k4": 0.0,
            "k5": 0.0,
            "calib_res": [
                1280,
                964
            ]
        }
    },
    "reprojection_error": 0.1199931,
    "essensial_matrix": [
        1.51e-06,
        0.00036432,
        -0.00025913,
        -0.00044835,
        0.00050878,
        0.09216843,
        -6.639e-05,
        -0.09216914,
        0.00050744
    ],
    "fundamental_matrix": [
        1e-08,
        2.25e-06,
        -0.00344165,
        -2.77e-06,
        3.14e-06,
        0.84160781,
        0.00073073,
        -0.84237263,
        1.0
    ]
}