{
    "type": "Calibration Parameter for Stereo Camera",
    "version": 1.2,
    "master": {
        "serial": 0,
        "camera_pose": {
            "trans": [
                0.0,
                0.0,
                0.0
            ],
            "rot": [
                0.0,
                0.0,
                0.0
            ]
        },
		"lens_params": {
            "focal_len": [
                1244.867953,
                1243.080381
            ],
            "principal_point": [
                631.745316,
                405.7391923
            ],
            "skew": 0,
            "k1": 27.94076	,
            "k2": -35.9529,
            "k3": 0,
            "k4": 0,
            "k5": 9.82574699999999,
            "k6": 27.6803899999999,
            "k7": -27.8782,
            "k8": 0,
            "calib_res": [
                1280,
                800
            ]
        }
    },
    "slave": {
        "serial": 1,
        "camera_pose": {
            "trans": [
                0,
                0,
                0
            ],
            "rot": [
                0,
                0,
                0
            ]
        },
		"lens_params": {
            "focal_len": [
                1244.867953,
                1243.080381
            ],
            "principal_point": [
                631.745316,
                405.7391923
            ],
            "skew": 0,
            "k1": 27.94076	,
            "k2": -35.9529,
            "k3": 0,
            "k4": 0,
            "k5": 9.82574699999999,
            "k6": 27.6803899999999,
            "k7": -27.8782,
            "k8": 0,
            "calib_res": [
                1280,
                800
            ]
        }
    }
}