{
    "type": "Stereo Calibration",
    "version": 1.1,
    "master": {
        "serial": 0,
        "camera_pose": {
            "trans": [
                0.0,
                0.0,
                0.0
            ],
            "rot": [
                0,
                0.0,
                0.0
            ]
        },
        "lens_params": {
            "focal_len": [
                -1457.1798063201747,
                -1457.1798063201747
            ],
            "principal_point": [
                636.1010826686683,
                483.39755034374764
            ],
            "skew": 0,
            "k1": -0.09490287266716073,
            "k2": -0.37597473997928527,
            "k3": 0.0,
            "k4": 0.0,
            "k5": 0.0,
            "calib_res": [
                1280,
                964
            ]
        }
    },
    "slave": {
        "serial": 1,
        "camera_pose": {
            "trans": [
                -0.09037636429206015,
                -0.0005867968758281444,
                -0.0005145998381389742
            ],
            "rot": [
                -0.2799152441799944,
                -0.48106847878371456,
                -0.2249719720089392
            ]
        },
        "lens_params": {
            "focal_len": [
                -1460.6482045342334,
                -1460.6482045342334
            ],
            "principal_point": [
                642.0809302266499,
                480.8932186294194
            ],
            "skew": 0,
            "k1": -0.07877189413180559,
            "k2": -0.4576619984213954,
            "k3": 0.0,
            "k4": 0.0,
            "k5": 0.0,
            "calib_res": [
                1280,
                964
            ]
        }
    },
    "reprojection_error": 0.15474841,
    "essensial_matrix": [
        -6.95e-06,
        0.00024423,
        -0.00094162,
        0.00051746,
        -0.00044355,
        0.09037225,
        0.00058424,
        -0.09037641,
        -0.00044942
    ],
    "fundamental_matrix": [
        1.16e-06,
        -4.087e-05,
        0.24860738,
        -8.658e-05,
        7.422e-05,
        -22.01591117,
        -0.10190003,
        22.0791255,
        1.0
    ]
}