{
    "type": "Stereo Calibration",
    "version": 1.1,
    "master": {
        "serial": 0,
        "camera_pose": {
            "trans": [
                0.0,
                0.0,
                0.0
            ],
            "rot": [
                0,
                0.0,
                0.0
            ]
        },
        "lens_params": {
            "focal_len": [
                -1434.032958882923,
                -1434.032958882923
            ],
            "principal_point": [
                652.7865908957277,
                468.5443314619439
            ],
            "skew": 0,
            "k1": -0.0822109276925591,
            "k2": -0.4250030470507269,
            "k3": 0,
            "k4": 0,
            "k5": 0,
            "calib_res": [
                1280,
                964
            ]
        }
    },
    "slave": {
        "serial": 1,
        "camera_pose": {
            "trans": [
                -0.08815687073954608,
                -0.0036854676391212494,
                -0.004361597807340192
            ],
            "rot": [
                -0.024834549554130024,
                -0.18626308799795177,
                -0.2144392609819947
            ]
        },
        "lens_params": {
            "focal_len": [
                -1442.0912869571405,
                -1442.0912869571405
            ],
            "principal_point": [
                649.5389029677214,
                477.7793563313231
            ],
            "skew": 0,
            "k1": -0.09323778521276782,
            "k2": -0.37367423747786016,
            "k3": 0,
            "k4": 0,
            "k5": 0,
            "calib_res": [
                1280,
                964
            ]
        }
    },
    "reprojection_error": 0.3119296548688972
}