{
    "type": "Stereo Calibration",
    "version": 1.1,
    "master": {
        "serial": 0,
        "camera_pose": {
            "trans": [
                -0.08815617319701281,
                -0.004013616555138566,
                0.004076772638697981
            ],
            "rot": [
                -0.025531629027728344,
                -0.18616881812655545,
                0.21452110786126322
            ]
        },
        "lens_params": {
            "focal_len": [
                1434.032958882923,
                1434.032958882923
            ],
            "principal_point": [
                652.7865908957277,
                468.5443314619439
            ],
            "skew": 0,
            "k1": -0.0822109276925591,
            "k2": -0.4250030470507269,
            "k3": 0,
            "k4": 0,
            "k5": 0,
            "calib_res": [
                1280,
                964
            ]
        }
    },
    "slave": {
        "serial": 1,
        "camera_pose": {
            "trans": [
                0,
                0,
                0
            ],
            "rot": [
                0,
                0,
                0
            ]
        },
        "lens_params": {
            "focal_len": [
                -1442.0912869571405,
                -1442.0912869571405
            ],
            "principal_point": [
                649.5389029677214,
                477.7793563313231
            ],
            "skew": 0,
            "k1": -0.09323778521276782,
            "k2": -0.37367423747786016,
            "k3": 0,
            "k4": 0,
            "k5": 0,
            "calib_res": [
                1280,
                964
            ]
        }
    },
    "reprojection_error": 0.3119296548688972
}