{
    "type": "Stereo Calibration",
    "version": 1.1,
    "master": {
        "serial": 0,
        "camera_pose": {
            "trans": [
                0.0,
                0.0,
                0.0
            ],
            "rot": [
                0,
                0.0,
                0.0
            ]
        },
        "lens_params": {
            "focal_len": [
                -1459.1644163598255,
                -1459.1644163598255
            ],
            "principal_point": [
                636.43118274018,
                483.2552759874626
            ],
            "skew": 0,
            "k1": -0.09263289864518921,
            "k2": -0.3883459773944147,
            "k3": 0.0,
            "k4": 0.0,
            "k5": 0.0,
            "calib_res": [
                1280,
                964
            ]
        }
    },
    "slave": {
        "serial": 1,
        "camera_pose": {
            "trans": [
                -0.09023416907249415,
                -0.0007299547528302849,
                -0.0007193038976002656
            ],
            "rot": [
                -0.2619002587019941,
                -0.48585148230374287,
                -0.22315884851286075
            ]
        },
        "lens_params": {
            "focal_len": [
                -1463.0753773674815,
                -1463.0753773674815
            ],
            "principal_point": [
                641.9653091544373,
                481.27886038500793
            ],
            "skew": 0,
            "k1": -0.07678782177721814,
            "k2": -0.46406453315935353,
            "k3": 0.0,
            "k4": 0.0,
            "k5": 0.0,
            "calib_res": [
                1280,
                964
            ]
        }
    },
    "reprojection_error": 0.1505203,
    "essensial_matrix": [
        -8.99e-06,
        4.588e-05,
        -0.00108136,
        0.00072263,
        -0.00041528,
        0.09022966,
        0.00072661,
        -0.09023607,
        -0.00042161
    ],
    "fundamental_matrix": [
        -1.31e-06,
        6.68e-06,
        -0.23206152,
        0.00010518,
        -6.045e-05,
        19.12594929,
        0.10495504,
        -19.19160489,
        1.0
    ]
}