{
    "type": "Stereo Calibration",
    "version": 1.1,
    "master": {
        "serial": 0,
        "camera_pose": {
            "trans": [
                0.0,
                0.0,
                0.0
            ],
            "rot": [
                0,
                0.0,
                0.0
            ]
        },
        "lens_params": {
            "focal_len": [
                -1490.6288413215564,
                -1490.6288413215564
            ],
            "principal_point": [
                627.7529125715951,
                486.25164432169777
            ],
            "skew": 0,
            "k1": -0.08203045529848027,
            "k2": -0.3851554668673431,
            "k3": 0,
            "k4": 0,
            "k5": 0,
            "calib_res": [
                1280,
                964
            ]
        }
    },
    "slave": {
        "serial": 1,
        "camera_pose": {
            "trans": [
                -0.09213253709946433,
                0.0003099127624963297,
                -0.00025867039009651354
            ],
            "rot": [
                0.15276471974527922,
                -0.22442412641355244,
                -0.3148966137811261
            ]
        },
        "lens_params": {
            "focal_len": [
                -1491.1609827993543,
                -1491.1609827993543
            ],
            "principal_point": [
                629.2852863370048,
                486.9004408690595
            ],
            "skew": 0,
            "k1": -0.08516202109791031,
            "k2": -0.40330231469674754,
            "k3": 0,
            "k4": 0,
            "k5": 0,
            "calib_res": [
                1280,
                964
            ]
        }
    },
    "reprojection_error": 0.30635980042568284
}