{
    "type": "Stereo Calibration",
    "version": 1.1,
    "master": {
        "serial": 0,
        "camera_pose": {
            "trans": [
                0.0,
                0.0,
                0.0
            ],
            "rot": [
                0,
                0.0,
                0.0
            ]
        },
        "lens_params": {
            "focal_len": [
                -1490.6288413215564,
                -1490.6288413215564
            ],
            "principal_point": [
                627.7529125715951,
                486.25164432169777
            ],
            "skew": 0,
            "k1": -0.08203045529848027,
            "k2": -0.3851554668673431,
            "k3": 0,
            "k4": 0,
            "k5": 0,
            "calib_res": [
                1280,
                964
            ]
        }
    },
    "slave": {
        "serial": 1,
        "camera_pose": {
            "trans": [
                -0.0921331553242197,
                -0.00019617498643694647,
                -0.00010273292142606155
            ],
            "rot": [
                0.15153016192383476,
                -0.22525953275568952,
                0.3142995555786197
            ]
        },
        "lens_params": {
            "focal_len": [
                -1491.1609827993543,
                -1491.1609827993543
            ],
            "principal_point": [
                629.2852863370048,
                486.9004408690595
            ],
            "skew": 0,
            "k1": -0.08516202109791031,
            "k2": -0.40330231469674754,
            "k3": 0,
            "k4": 0,
            "k5": 0,
            "calib_res": [
                1280,
                964
            ]
        }
    },
    "reprojection_error": 0.30635980042568284
}