{
    "type": "Stereo Calibration",
    "version": 1.1,
    "master": {
        "serial": 0,
        "camera_pose": {
            "trans": [
                0.0,
                0.0,
                0.0
            ],
            "rot": [
                0,
                0.0,
                0.0
            ]
        },
        "lens_params": {
            "focal_len": [
                -1460.1446341512649,
                -1460.1446341512649
            ],
            "principal_point": [
                636.5566177073283,
                483.28255224000486
            ],
            "skew": 0,
            "k1": -0.09258671837057536,
            "k2": -0.38556669042952463,
            "k3": 0.0,
            "k4": 0.0,
            "k5": 0.0,
            "calib_res": [
                1280,
                964
            ]
        }
    },
    "slave": {
        "serial": 1,
        "camera_pose": {
            "trans": [
                -0.09081432439561715,
                -0.0007583713567526749,
                0.0002311669553699767
            ],
            "rot": [
                -0.27479995928819273,
                -0.4388230638605629,
                -0.22032063111173092
            ]
        },
        "lens_params": {
            "focal_len": [
                -1462.1307270835753,
                -1462.1307270835753
            ],
            "principal_point": [
                642.0562358759661,
                481.09120323506414
            ],
            "skew": 0,
            "k1": -0.07707487806425979,
            "k2": -0.45978041730657526,
            "k3": 0.0,
            "k4": 0.0,
            "k5": 0.0,
            "calib_res": [
                1280,
                964
            ]
        }
    },
    "reprojection_error": 0.15043342,
    "essensial_matrix": [
        -4.92e-06,
        0.00092669,
        -0.00110754,
        -0.00022753,
        -0.00043465,
        0.09080965,
        0.00075946,
        -0.09080885,
        -0.00044402
    ],
    "fundamental_matrix": [
        4e-08,
        -7.44e-06,
        0.01655762,
        1.83e-06,
        3.49e-06,
        -1.0676287,
        -0.00982139,
        1.06931647,
        1.0
    ]
}