{
    "type": "Stereo Calibration",
    "version": 1.1,
    "master": {
        "serial": 0,
        "camera_pose": {
            "trans": [
                0.0,
                0.0,
                0.0
            ],
            "rot": [
                0,
                0.0,
                0.0
            ]
        },
        "lens_params": {
            "focal_len": [
                -1457.9327613623796,
                -1457.9327613623796
            ],
            "principal_point": [
                636.5353779136719,
                483.4790417791741
            ],
            "skew": 0,
            "k1": -0.09236788546101388,
            "k2": -0.3819790896974625,
            "k3": 0.0,
            "k4": 0.0,
            "k5": 0.0,
            "calib_res": [
                1280,
                964
            ]
        }
    },
    "slave": {
        "serial": 1,
        "camera_pose": {
            "trans": [
                -0.09045118571351521,
                -0.0004942585366921662,
                -0.0007673500264985207
            ],
            "rot": [
                -0.26049021916342785,
                -0.4678664656787815,
                -0.21886524128846488
            ]
        },
        "lens_params": {
            "focal_len": [
                -1462.024864235516,
                -1462.024864235516
            ],
            "principal_point": [
                642.0056030960124,
                481.0464057113116
            ],
            "skew": 0,
            "k1": -0.0767719687844615,
            "k2": -0.4625171707569324,
            "k3": 0.0,
            "k4": 0.0,
            "k5": 0.0,
            "calib_res": [
                1280,
                964
            ]
        }
    },
    "reprojection_error": 0.15194584,
    "essensial_matrix": [
        -6.97e-06,
        -2.872e-05,
        -0.00083974,
        0.00076958,
        -0.00041417,
        0.09044767,
        0.00049072,
        -0.09045349,
        -0.00041807
    ],
    "fundamental_matrix": [
        -1e-07,
        -4.1e-07,
        -0.01733173,
        1.106e-05,
        -5.95e-06,
        1.89097675,
        0.00505477,
        -1.89745222,
        1.0
    ]
}