{
    "type": "Stereo Calibration",
    "version": 1.1,
    "master": {
        "serial": 0,
        "camera_pose": {
            "trans": [
                0.0,
                0.0,
                0.0
            ],
            "rot": [
                0,
                0.0,
                0.0
            ]
        },
        "lens_params": {
            "focal_len": [
                -1460.9068079906046,
                -1460.9068079906046
            ],
            "principal_point": [
                636.5339184752471,
                483.2437542792605
            ],
            "skew": 0,
            "k1": -0.09232744046674542,
            "k2": -0.39140524350175687,
            "k3": 0.0,
            "k4": 0.0,
            "k5": 0.0,
            "calib_res": [
                1280,
                964
            ]
        }
    },
    "slave": {
        "serial": 1,
        "camera_pose": {
            "trans": [
                -0.09043838712293005,
                -0.0007238495173317548,
                -0.0002210408253649494
            ],
            "rot": [
                -0.26740434922790424,
                -0.46909273551835645,
                -0.21825384304602813
            ]
        },
        "lens_params": {
            "focal_len": [
                -1463.8117840895572,
                -1463.8117840895572
            ],
            "principal_point": [
                642.0298931548666,
                481.1514871926876
            ],
            "skew": 0,
            "k1": -0.07702118994232311,
            "k2": -0.46281130665147624,
            "k3": 0.0,
            "k4": 0.0,
            "k5": 0.0,
            "calib_res": [
                1280,
                964
            ]
        }
    },
    "reprojection_error": 0.16599835,
    "essensial_matrix": [
        -6.77e-06,
        0.0005194,
        -0.00106831,
        0.00022441,
        -0.00042292,
        0.09043395,
        0.00072278,
        -0.09043618,
        -0.00043081
    ],
    "fundamental_matrix": [
        1.1e-07,
        -8.8e-06,
        0.03063062,
        -3.8e-06,
        7.17e-06,
        -2.24006367,
        -0.0161743,
        2.24573136,
        1.0
    ]
}