{
    "type": "Stereo Calibration",
    "version": 1.1,
    "master": {
        "serial": 0,
        "camera_pose": {
            "trans": [
                0.0,
                0.0,
                0.0
            ],
            "rot": [
                0,
                0.0,
                0.0
            ]
        },
        "lens_params": {
            "focal_len": [
                -1458.8285734645779,
                -1458.8285734645779
            ],
            "principal_point": [
                636.8497515114472,
                483.52717854549064
            ],
            "skew": 0,
            "k1": -0.09225550801302808,
            "k2": -0.3869311730790716,
            "k3": 0.0,
            "k4": 0.0,
            "k5": 0.0,
            "calib_res": [
                1280,
                964
            ]
        }
    },
    "slave": {
        "serial": 1,
        "camera_pose": {
            "trans": [
                -0.09036046294022278,
                -0.0007610131231176482,
                -0.000929480873648977
            ],
            "rot": [
                -0.2707738684107705,
                -0.4511329252082874,
                -0.22682827138845918
            ]
        },
        "lens_params": {
            "focal_len": [
                -1463.2828677535692,
                -1463.2828677535692
            ],
            "principal_point": [
                641.78776308194,
                481.4639088208151
            ],
            "skew": 0,
            "k1": -0.07776759233470208,
            "k2": -0.45971991367904497,
            "k3": 0.0,
            "k4": 0.0,
            "k5": 0.0,
            "calib_res": [
                1280,
                964
            ]
        }
    },
    "reprojection_error": 0.1527302,
    "essensial_matrix": [
        -9.67e-06,
        -0.00021798,
        -0.0011187,
        0.00093306,
        -0.00043073,
        0.09035569,
        0.00075656,
        -0.09036395,
        -0.00043582
    ],
    "fundamental_matrix": [
        7.22e-06,
        0.00016266,
        1.13456927,
        -0.00069626,
        0.00032142,
        -98.07304598,
        -0.49551083,
        98.41125356,
        1.0
    ]
}