{
    "type": "Stereo Calibration",
    "version": 1.1,
    "master": {
        "serial": 0,
        "camera_pose": {
            "trans": [
                0.0,
                0.0,
                0.0
            ],
            "rot": [
                0,
                0.0,
                0.0
            ]
        },
        "lens_params": {
            "focal_len": [
                -1457.0762520063636,
                -1457.0762520063636
            ],
            "principal_point": [
                636.5858664686237,
                483.34836507859814
            ],
            "skew": 0,
            "k1": -0.09345096932500425,
            "k2": -0.3801803444208573,
            "k3": 0.0,
            "k4": 0.0,
            "k5": 0.0,
            "calib_res": [
                1280,
                964
            ]
        }
    },
    "slave": {
        "serial": 1,
        "camera_pose": {
            "trans": [
                -0.09052237396553943,
                -0.0005370189984515621,
                -0.0010579067542842153
            ],
            "rot": [
                -0.2538772386773018,
                -0.45798505972333603,
                -0.2246031256003422
            ]
        },
        "lens_params": {
            "focal_len": [
                -1461.702461651369,
                -1461.702461651369
            ],
            "principal_point": [
                642.133550330864,
                481.2808110668176
            ],
            "skew": 0,
            "k1": -0.07777180301404393,
            "k2": -0.45458752290909454,
            "k3": 0.0,
            "k4": 0.0,
            "k5": 0.0,
            "calib_res": [
                1280,
                964
            ]
        }
    },
    "reprojection_error": 0.15193332,
    "essensial_matrix": [
        -8.44e-06,
        -0.0003343,
        -0.00089184,
        0.00106027,
        -0.00040527,
        0.09051865,
        0.00053228,
        -0.09052703,
        -0.00040822
    ],
    "fundamental_matrix": [
        -1.1e-07,
        -4.51e-06,
        -0.01528311,
        1.431e-05,
        -5.47e-06,
        1.77339113,
        0.00368625,
        -1.78014327,
        1.0
    ]
}