{
    "type": "Stereo Calibration",
    "version": 1.1,
    "master": {
        "serial": 0,
        "camera_pose": {
            "trans": [
                0.0,
                0.0,
                0.0
            ],
            "rot": [
                0,
                0.0,
                0.0
            ]
        },
        "lens_params": {
            "focal_len": [
                -1473.3692802369887,
                -1472.6462600796228
            ],
            "principal_point": [
                641.6749397707571,
                479.52066394118924
            ],
            "skew": 0,
            "k1": -0.09219654702403893,
            "k2": -0.4106313671207687,
            "k3": 0.0,
            "k4": 0.0,
            "k5": 0.0,
            "calib_res": [
                1280,
                964
            ]
        }
    },
    "slave": {
        "serial": 1,
        "camera_pose": {
            "trans": [
                -0.09154907556047683,
                -0.0005219420566150057,
                -0.0007866158332498912
            ],
            "rot": [
                0.1236087576682115,
                -0.11622569321102305,
                0.037569211341620765
            ]
        },
        "lens_params": {
            "focal_len": [
                -1477.91468615052,
                -1477.5999756714295
            ],
            "principal_point": [
                642.5588826482185,
                483.1965284269806
            ],
            "skew": 0,
            "k1": -0.08375035305993359,
            "k2": -0.43339803158873286,
            "k3": 0.0,
            "k4": 0.0,
            "k5": 0.0,
            "calib_res": [
                1280,
                964
            ]
        }
    },
    "reprojection_error": 0.20011479,
    "essensial_matrix": [
        -5.4e-07,
        -0.0006009,
        -0.00046191,
        0.00078549,
        0.00019802,
        0.09154919,
        0.00052364,
        -0.09155027,
        0.00019657
    ],
    "fundamental_matrix": [
        -0.0,
        -3.08e-06,
        -0.00200727,
        4.02e-06,
        1.01e-06,
        0.68789588,
        0.00202102,
        -0.69180887,
        1.0
    ]
}