{
    "type": "Stereo Calibration",
    "version": 1.1,
    "master": {
        "serial": 0,
        "camera_pose": {
            "trans": [
                0.0,
                0.0,
                0.0
            ],
            "rot": [
                0,
                0.0,
                0.0
            ]
        },
        "lens_params": {
            "focal_len": [
                -1457.4521199177416,
                -1457.4521199177416
            ],
            "principal_point": [
                636.5679394098013,
                483.26484051150624
            ],
            "skew": 0,
            "k1": -0.09235240734614744,
            "k2": -0.38535983656854594,
            "k3": 0.0,
            "k4": 0.0,
            "k5": 0.0,
            "calib_res": [
                1280,
                964
            ]
        }
    },
    "slave": {
        "serial": 1,
        "camera_pose": {
            "trans": [
                -0.09052848722283355,
                -0.0005977123202049769,
                -0.0009110104277682058
            ],
            "rot": [
                -0.25780648082439733,
                -0.43976130551203757,
                -0.2196012961322013
            ]
        },
        "lens_params": {
            "focal_len": [
                -1461.9277455198799,
                -1461.9277455198799
            ],
            "principal_point": [
                641.6841961949307,
                481.2551340638893
            ],
            "skew": 0,
            "k1": -0.07893614342468395,
            "k2": -0.4516077219461135,
            "k3": 0.0,
            "k4": 0.0,
            "k5": 0.0,
            "calib_res": [
                1280,
                964
            ]
        }
    },
    "reprojection_error": 0.14832426,
    "essensial_matrix": [
        -8.08e-06,
        -0.00021615,
        -0.00094465,
        0.00091368,
        -0.00041085,
        0.09052458,
        0.00059356,
        -0.09053188,
        -0.00041458
    ],
    "fundamental_matrix": [
        -2.9e-07,
        -7.75e-06,
        -0.04544729,
        3.277e-05,
        -1.473e-05,
        4.71808341,
        0.01553714,
        -4.73466984,
        1.0
    ]
}