{
    "type": "Calibration Parameter for Stereo Camera",
    "version": 1.2,
    "master": {
        "serial": 0,
        "camera_pose": {
            "trans": [
                0.0,
                0.0,
                0.0
            ],
            "rot": [
                0,
                0.0,
                0.0
            ]
        },
        "lens_params": {
            "focal_len": [
                -1481.9723575809392,
                -1481.9723575809392
            ],
            "principal_point": [
                664.988137549264,
                493.79749069681844
            ],
            "skew": 0,
            "k1": -0.05900309402998571,
            "k2": -0.606495634864624,
            "k3": 0.0,
            "k4": 0.0,
            "k5": 0.0,
            "calib_res": [
                1280,
                964
            ]
        }
    },
    "slave": {
        "serial": 1,
        "camera_pose": {
            "trans": [
                -0.09280664685140992,
                0.002029819856479042,
                0.001915346544986538
            ],
            "rot": [
                0.2737639293405374,
                0.03074226009742485,
                -0.7544159607172368
            ]
        },
        "lens_params": {
            "focal_len": [
                -1478.7837781164371,
                -1478.7837781164371
            ],
            "principal_point": [
                650.091337178805,
                497.05162235895085
            ],
            "skew": 0,
            "k1": -0.06435334593803256,
            "k2": -0.48775112598784803,
            "k3": 0.0,
            "k4": 0.0,
            "k5": 0.0,
            "calib_res": [
                1280,
                964
            ]
        }
    },
    "reprojection_error": 0.1516659,
    "essensial_matrix": [
        2.413e-05,
        0.00186538,
        0.00080769,
        -0.00190546,
        0.00046866,
        0.09282427,
        -0.00203896,
        -0.09280648,
        0.00044309
    ],
    "fundamental_matrix": [
        1e-08,
        1.11e-06,
        0.00015413,
        -1.13e-06,
        2.8e-07,
        0.08222388,
        -0.00123619,
        -0.08227588,
        1.0
    ]
}