{
    "type": "Calibration Parameter for Stereo Camera",
    "version": 1.2,
    "master": {
        "serial": 0,
        "camera_pose": {
            "trans": [
                0.0,
                0.0,
                0.0
            ],
            "rot": [
                0,
                0.0,
                0.0
            ]
        },
        "lens_params": {
            "focal_len": [
                -1482.6758092712325,
                -1482.6758092712325
            ],
            "principal_point": [
                664.9735110949935,
                493.73975812581364
            ],
            "skew": 0,
            "k1": -0.057573898483421905,
            "k2": -0.6154081640166537,
            "k3": 0.0,
            "k4": 0.0,
            "k5": 0.0,
            "calib_res": [
                1280,
                964
            ]
        }
    },
    "slave": {
        "serial": 1,
        "camera_pose": {
            "trans": [
                -0.09329263233067173,
                0.0017249116479943912,
                0.002556235283482531
            ],
            "rot": [
                0.251580586452891,
                0.06053695840948844,
                -0.754886545213734
            ]
        },
        "lens_params": {
            "focal_len": [
                -1478.2740807017678,
                -1478.2740807017678
            ],
            "principal_point": [
                650.3199351777287,
                497.0008098309901
            ],
            "skew": 0,
            "k1": -0.06619125875148837,
            "k2": -0.47943287775397425,
            "k3": 0.0,
            "k4": 0.0,
            "k5": 0.0,
            "calib_res": [
                1280,
                964
            ]
        }
    },
    "reprojection_error": 0.18046356,
    "essensial_matrix": [
        3.186e-05,
        0.00245744,
        0.00049564,
        -0.00254841,
        0.00044333,
        0.09330636,
        -0.00173615,
        -0.09329423,
        0.00040918
    ],
    "fundamental_matrix": [
        2e-08,
        1.6e-06,
        -0.00032609,
        -1.66e-06,
        2.9e-07,
        0.09125353,
        -0.00086194,
        -0.09119745,
        1.0
    ]
}