{
    "type": "Calibration Parameter for Stereo Camera",
    "version": 1.2,
    "master": {
        "serial": 0,
        "camera_pose": {
            "trans": [
                0.0,
                0.0,
                0.0
            ],
            "rot": [
                0,
                0.0,
                0.0
            ]
        },
        "lens_params": {
            "focal_len": [
                -1482.3310662657068,
                -1482.3310662657068
            ],
            "principal_point": [
                664.9769918084552,
                493.84440601773406
            ],
            "skew": 0,
            "k1": -0.05753534946289612,
            "k2": -0.6178337088666463,
            "k3": 0.0,
            "k4": 0.0,
            "k5": 0.0,
            "calib_res": [
                1280,
                964
            ]
        }
    },
    "slave": {
        "serial": 1,
        "camera_pose": {
            "trans": [
                -0.09304710666192807,
                0.0019392670215882064,
                0.0025606052959202684
            ],
            "rot": [
                0.2646713459306946,
                0.04896532641834239,
                -0.754945987428404
            ]
        },
        "lens_params": {
            "focal_len": [
                -1478.0379136573088,
                -1478.0379136573088
            ],
            "principal_point": [
                650.1402916841855,
                497.0003334564988
            ],
            "skew": 0,
            "k1": -0.06463989558757749,
            "k2": -0.4865592055399074,
            "k3": 0.0,
            "k4": 0.0,
            "k5": 0.0,
            "calib_res": [
                1280,
                964
            ]
        }
    },
    "reprojection_error": 0.13740138,
    "essensial_matrix": [
        3.208e-05,
        0.00248086,
        0.00071312,
        -0.0025514,
        0.00046357,
        0.09306359,
        -0.0019511,
        -0.09304811,
        0.00042929
    ],
    "fundamental_matrix": [
        2e-08,
        1.54e-06,
        -0.0001178,
        -1.59e-06,
        2.9e-07,
        0.08670609,
        -0.00101783,
        -0.08667698,
        1.0
    ]
}