{
    "type": "Calibration Parameter for Stereo Camera",
    "version": 1.2,
    "master": {
        "serial": 0,
        "camera_pose": {
            "trans": [
                0.0,
                0.0,
                0.0
            ],
            "rot": [
                0,
                0.0,
                0.0
            ]
        },
        "lens_params": {
            "focal_len": [
                -1482.4420779552781,
                -1482.4420779552781
            ],
            "principal_point": [
                664.950166208393,
                493.8021588410867
            ],
            "skew": 0,
            "k1": -0.05879154620483109,
            "k2": -0.613755103504217,
            "k3": 0.0,
            "k4": 0.0,
            "k5": 0.0,
            "calib_res": [
                1280,
                964
            ]
        }
    },
    "slave": {
        "serial": 1,
        "camera_pose": {
            "trans": [
                -0.09265948375861767,
                0.0019958472282433303,
                0.002160339027881755
            ],
            "rot": [
                0.2730590845143926,
                0.009695061493461509,
                -0.7548087043205012
            ]
        },
        "lens_params": {
            "focal_len": [
                -1478.7886529447737,
                -1478.7886529447737
            ],
            "principal_point": [
                650.3321831197159,
                497.0534397436072
            ],
            "skew": 0,
            "k1": -0.0662577551848325,
            "k2": -0.47848294736294544,
            "k3": 0.0,
            "k4": 0.0,
            "k5": 0.0,
            "calib_res": [
                1280,
                964
            ]
        }
    },
    "reprojection_error": 0.15653925,
    "essensial_matrix": [
        2.812e-05,
        0.00214447,
        0.00077502,
        -0.00215062,
        0.00047005,
        0.09267668,
        -0.00200612,
        -0.09265866,
        0.00044155
    ],
    "fundamental_matrix": [
        2e-08,
        1.28e-06,
        4.264e-05,
        -1.29e-06,
        2.8e-07,
        0.08289634,
        -0.00114604,
        -0.08293527,
        1.0
    ]
}