{
    "type": "Stereo Calibration",
    "version": 1.1,
    "master": {
        "serial": 0,
        "camera_pose": {
            "trans": [
                0.0,
                0.0,
                0.0
            ],
            "rot": [
                0,
                0.0,
                0.0
            ]
        },
        "lens_params": {
            "focal_len": [
                -1458.0652048461343,
                -1458.0652048461343
            ],
            "principal_point": [
                636.3950737049602,
                483.5257634107446
            ],
            "skew": 0,
            "k1": -0.0934960978695181,
            "k2": -0.3816036427715011,
            "k3": 0.0,
            "k4": 0.0,
            "k5": 0.0,
            "calib_res": [
                1280,
                964
            ]
        }
    },
    "slave": {
        "serial": 1,
        "camera_pose": {
            "trans": [
                -0.09028469204600172,
                -0.00031526396900241664,
                -0.0009250948879003688
            ],
            "rot": [
                -0.24705553841799918,
                -0.47600571056985985,
                -0.22431417130517636
            ]
        },
        "lens_params": {
            "focal_len": [
                -1462.410566439415,
                -1462.410566439415
            ],
            "principal_point": [
                641.8730531792163,
                481.14555003239263
            ],
            "skew": 0,
            "k1": -0.07791700359178737,
            "k2": -0.4599019670186959,
            "k3": 0.0,
            "k4": 0.0,
            "k5": 0.0,
            "calib_res": [
                1280,
                964
            ]
        }
    },
    "reprojection_error": 0.15454386,
    "essensial_matrix": [
        -6.24e-06,
        -0.00017499,
        -0.0006687,
        0.00092644,
        -0.00039294,
        0.0902819,
        0.00031123,
        -0.09028841,
        -0.00039485
    ],
    "fundamental_matrix": [
        -5e-08,
        -1.27e-06,
        -0.00645786,
        6.75e-06,
        -2.86e-06,
        0.95609664,
        9.764e-05,
        -0.9597394,
        1.0
    ]
}