{
    "type": "Stereo Calibration",
    "version": 1.1,
    "master": {
        "serial": 0,
        "camera_pose": {
            "trans": [
                0.0,
                0.0,
                0.0
            ],
            "rot": [
                0,
                0.0,
                0.0
            ]
        },
        "lens_params": {
            "focal_len": [
                -1458.7780543503854,
                -1458.7780543503854
            ],
            "principal_point": [
                637.2177054926294,
                482.8149821647115
            ],
            "skew": 0,
            "k1": -0.09274246300830687,
            "k2": -0.38692189899297597,
            "k3": 0.0,
            "k4": 0.0,
            "k5": 0.0,
            "calib_res": [
                1280,
                964
            ]
        }
    },
    "slave": {
        "serial": 1,
        "camera_pose": {
            "trans": [
                -0.09004630555029865,
                -0.0007071766980119072,
                -0.0011929008821422002
            ],
            "rot": [
                -0.2454555901617909,
                -0.4539063030460745,
                -0.22457463014145357
            ]
        },
        "lens_params": {
            "focal_len": [
                -1463.7853053034207,
                -1463.7853053034207
            ],
            "principal_point": [
                641.5594093507243,
                481.2364679865923
            ],
            "skew": 0,
            "k1": -0.07738857444891463,
            "k2": -0.4658693651045468,
            "k3": 0.0,
            "k4": 0.0,
            "k5": 0.0,
            "calib_res": [
                1280,
                964
            ]
        }
    },
    "reprojection_error": 0.14953845,
    "essensial_matrix": [
        -1.028e-05,
        -0.0004795,
        -0.00106008,
        0.00119591,
        -0.00039046,
        0.09004198,
        0.000702,
        -0.09005208,
        -0.00039414
    ],
    "fundamental_matrix": [
        -2e-07,
        -9.38e-06,
        -0.02558127,
        2.338e-05,
        -7.63e-06,
        2.55698457,
        0.00896772,
        -2.56761418,
        1.0
    ]
}