{
    "type": "Stereo Calibration",
    "version": 1.1,
    "master": {
        "serial": 0,
        "camera_pose": {
            "trans": [
                0.0,
                0.0,
                0.0
            ],
            "rot": [
                0,
                0.0,
                0.0
            ]
        },
        "lens_params": {
            "focal_len": [
                -1458.1844007659001,
                -1458.1844007659001
            ],
            "principal_point": [
                636.3574453428649,
                483.60488989343446
            ],
            "skew": 0,
            "k1": -0.09399614929545105,
            "k2": -0.3820820158826417,
            "k3": 0.0,
            "k4": 0.0,
            "k5": 0.0,
            "calib_res": [
                1280,
                964
            ]
        }
    },
    "slave": {
        "serial": 1,
        "camera_pose": {
            "trans": [
                -0.09060510759213028,
                -0.00043285458871098495,
                -0.0016015766494779484
            ],
            "rot": [
                -0.2595567451741987,
                -0.459817260504997,
                -0.22444891926953883
            ]
        },
        "lens_params": {
            "focal_len": [
                -1463.9840100878012,
                -1463.9840100878012
            ],
            "principal_point": [
                642.3070461609369,
                481.2913628283995
            ],
            "skew": 0,
            "k1": -0.07926684428809429,
            "k2": -0.4553188347457351,
            "k3": 0.0,
            "k4": 0.0,
            "k5": 0.0,
            "calib_res": [
                1280,
                964
            ]
        }
    },
    "reprojection_error": 0.14937908,
    "essensial_matrix": [
        -9.75e-06,
        -0.00087439,
        -0.00078776,
        0.00160351,
        -0.00041677,
        0.09060176,
        0.00042553,
        -0.09061408,
        -0.00041676
    ],
    "fundamental_matrix": [
        -7e-08,
        -6.3e-06,
        -0.0051882,
        1.156e-05,
        -3e-06,
        0.9465682,
        -0.00102752,
        -0.9508949,
        1.0
    ]
}