{
    "type": "Stereo Calibration",
    "version": 1.1,
    "master": {
        "serial": 0,
        "camera_pose": {
            "trans": [
                -0.09206436444355,
                -0.0006213687206866119,
                -0.00019451522416745237
            ],
            "rot": [
                -0.25261681773957156,
                0.09020877625474313,
                -0.025969585242066353
            ]
        },
        "lens_params": {
            "focal_len": [
                1476.8968074300471,
                1476.8968074300471
            ],
            "principal_point": [
                645.1112785252622,
                478.39659048755226
            ],
            "skew": 0,
            "k1": -0.07156274508922554,
            "k2": -0.5115516846461418,
            "k3": 0,
            "k4": 0,
            "k5": 0,
            "calib_res": [
                1280,
                964
            ]
        }
    },
    "slave": {
        "serial": 1,
        "camera_pose": {
            "trans": [
                0,
                0,
                0
            ],
            "rot": [
                0,
                0,
                0
            ]
        },
        "lens_params": {
            "focal_len": [
                -1485.1391644835414,
                -1485.1391644835414
            ],
            "principal_point": [
                636.7149174134707,
                472.42225520610333
            ],
            "skew": 0,
            "k1": -0.07168620532996434,
            "k2": -0.4833995822835257,
            "k3": 0,
            "k4": 0,
            "k5": 0,
            "calib_res": [
                1280,
                964
            ]
        }
    },
    "reprojection_error": 0.14352845049357474
}