{
    "type": "Stereo Calibration",
    "version": 1.1,
    "master": {
        "serial": 0,
        "camera_pose": {
            "trans": [
                0.0,
                0.0,
                0.0
            ],
            "rot": [
                0,
                0.0,
                0.0
            ]
        },
        "lens_params": {
            "focal_len": [
                -1476.8968074300471,
                -1476.8968074300471
            ],
            "principal_point": [
                645.1112785252622,
                478.39659048755226
            ],
            "skew": 0,
            "k1": -0.07156274508922554,
            "k2": -0.5115516846461418,
            "k3": 0,
            "k4": 0,
            "k5": 0,
            "calib_res": [
                1280,
                964
            ]
        }
    },
    "slave": {
        "serial": 1,
        "camera_pose": {
            "trans": [
                -0.09206365298888977,
                -0.0006615941309068562,
                0.0003423845813021625
            ],
            "rot": [
                -0.2525762180928161,
                0.09032238973859581,
                0.025571635992765757
            ]
        },
        "lens_params": {
            "focal_len": [
                -1485.1391644835414,
                -1485.1391644835414
            ],
            "principal_point": [
                636.7149174134707,
                472.42225520610333
            ],
            "skew": 0,
            "k1": -0.07168620532996434,
            "k2": -0.4833995822835257,
            "k3": 0,
            "k4": 0,
            "k5": 0,
            "calib_res": [
                1280,
                964
            ]
        }
    },
    "reprojection_error": 0.14352845049357474
}