{
    "type": "Stereo Calibration",
    "version": 1.1,
    "master": {
        "serial": 0,
        "camera_pose": {
            "trans": [
                0.0,
                0.0,
                0.0
            ],
            "rot": [
                0,
                0.0,
                0.0
            ]
        },
        "lens_params": {
            "focal_len": [
                -1458.1089036244707,
                -1458.1089036244707
            ],
            "principal_point": [
                636.6337491631023,
                483.41881325820407
            ],
            "skew": 0,
            "k1": -0.09253156652654007,
            "k2": -0.3863035210848742,
            "k3": 0.0,
            "k4": 0.0,
            "k5": 0.0,
            "calib_res": [
                1280,
                964
            ]
        }
    },
    "slave": {
        "serial": 1,
        "camera_pose": {
            "trans": [
                -0.09053364908366188,
                -0.0005140514289226909,
                -0.001098650999857096
            ],
            "rot": [
                -0.25844588947921604,
                -0.44728615154220414,
                -0.22430587119457335
            ]
        },
        "lens_params": {
            "focal_len": [
                -1463.008362018027,
                -1463.008362018027
            ],
            "principal_point": [
                642.0563112746944,
                481.26114251885025
            ],
            "skew": 0,
            "k1": -0.07873197241183252,
            "k2": -0.45679205633314424,
            "k3": 0.0,
            "k4": 0.0,
            "k5": 0.0,
            "calib_res": [
                1280,
                964
            ]
        }
    },
    "reprojection_error": 0.14939443,
    "essensial_matrix": [
        -8.31e-06,
        -0.00039185,
        -0.00086845,
        0.00110095,
        -0.0004127,
        0.09052999,
        0.00050904,
        -0.09053853,
        -0.00041514
    ],
    "fundamental_matrix": [
        -1.1e-07,
        -5.23e-06,
        -0.01431103,
        1.47e-05,
        -5.51e-06,
        1.75622573,
        0.00294115,
        -1.76299978,
        1.0
    ]
}