{
    "type": "Calibration Parameter for Stereo Camera",
    "version": 1.2,
    "master": {
        "serial": 0,
        "camera_pose": {
            "trans": [
                0.0,
                0.0,
                0.0
            ],
            "rot": [
                0,
                0.0,
                0.0
            ]
        },
        "lens_params": {
            "focal_len": [
                -1482.2838723695254,
                -1482.2838723695254
            ],
            "principal_point": [
                665.038271784782,
                493.84672624779455
            ],
            "skew": 0,
            "k1": -0.05848223911054309,
            "k2": -0.6157758016461145,
            "k3": 0.0,
            "k4": 0.0,
            "k5": 0.0,
            "calib_res": [
                1280,
                964
            ]
        }
    },
    "slave": {
        "serial": 1,
        "camera_pose": {
            "trans": [
                -0.09283667141960789,
                0.001971551209120869,
                0.0021094293148868778
            ],
            "rot": [
                0.2698475993969202,
                0.02832858026122882,
                -0.7534205270556877
            ]
        },
        "lens_params": {
            "focal_len": [
                -1478.7176980920412,
                -1478.7176980920412
            ],
            "principal_point": [
                650.265317740268,
                497.05565316282946
            ],
            "skew": 0,
            "k1": -0.0654026056601123,
            "k2": -0.4810340652832385,
            "k3": 0.0,
            "k4": 0.0,
            "k5": 0.0,
            "calib_res": [
                1280,
                964
            ]
        }
    },
    "reprojection_error": 0.16567222,
    "essensial_matrix": [
        2.676e-05,
        0.00206335,
        0.00075064,
        -0.00209994,
        0.00046498,
        0.09285354,
        -0.00198148,
        -0.09283654,
        0.00043695
    ],
    "fundamental_matrix": [
        2e-08,
        1.24e-06,
        4.574e-05,
        -1.27e-06,
        2.8e-07,
        0.08364842,
        -0.00114723,
        -0.08367835,
        1.0
    ]
}