{
    "type": "Calibration Parameter for Stereo Camera",
    "version": 1.2,
    "master": {
        "serial": 0,
        "camera_pose": {
            "trans": [
                0.0,
                0.0,
                0.0
            ],
            "rot": [
                0,
                0.0,
                0.0
            ]
        },
        "lens_params": {
            "focal_len": [
                -1475.2146790449688,
                -1475.2146790449688
            ],
            "principal_point": [
                649.2397196108255,
                491.39266500117446
            ],
            "skew": 0,
            "k1": -0.0686079819221757,
            "k2": -0.5195530632140483,
            "k3": 0.0,
            "k4": 0.0,
            "k5": 0.0,
            "calib_res": [
                1280,
                964
            ]
        }
    },
    "slave": {
        "serial": 1,
        "camera_pose": {
            "trans": [
                -0.09112352861252761,
                0.0022486615879370253,
                0.0007059395175057484
            ],
            "rot": [
                0.3465023265755881,
                -0.3939119429871205,
                -0.6532871069743326
            ]
        },
        "lens_params": {
            "focal_len": [
                -1477.2063407726425,
                -1477.2063407726425
            ],
            "principal_point": [
                643.6682333563579,
                495.4633212924903
            ],
            "skew": 0,
            "k1": -0.06550369248547423,
            "k2": -0.4969706694569555,
            "k3": 0.0,
            "k4": 0.0,
            "k5": 0.0,
            "calib_res": [
                1280,
                964
            ]
        }
    },
    "reprojection_error": 0.13513721,
    "essensial_matrix": [
        2.351e-05,
        0.00133235,
        0.00120952,
        -0.00069228,
        0.00055908,
        0.09114153,
        -0.00225278,
        -0.09111481,
        0.00055951
    ],
    "fundamental_matrix": [
        1e-08,
        6.3e-07,
        0.00053101,
        -3.3e-07,
        2.7e-07,
        0.06415445,
        -0.00142957,
        -0.06467955,
        1.0
    ]
}