{
    "type": "Calibration Parameter for Stereo Camera",
    "version": 1.2,
    "master": {
        "serial": 0,
        "camera_pose": {
            "trans": [
                0.0,
                0.0,
                0.0
            ],
            "rot": [
                0,
                0.0,
                0.0
            ]
        },
        "lens_params": {
            "focal_len": [
                -1474.8123336503395,
                -1474.8123336503395
            ],
            "principal_point": [
                649.0967484656494,
                491.3799356464497
            ],
            "skew": 0,
            "k1": -0.0685665348239997,
            "k2": -0.516045860122128,
            "k3": 0.0,
            "k4": 0.0,
            "k5": 0.0,
            "calib_res": [
                1280,
                964
            ]
        }
    },
    "slave": {
        "serial": 1,
        "camera_pose": {
            "trans": [
                -0.09139420928804215,
                0.0021141344740771223,
                0.0004450561289959055
            ],
            "rot": [
                0.3407056646907609,
                -0.38239341775358543,
                -0.652490854976839
            ]
        },
        "lens_params": {
            "focal_len": [
                -1477.3529706157665,
                -1477.3529706157665
            ],
            "principal_point": [
                643.7341122645686,
                495.5763173141622
            ],
            "skew": 0,
            "k1": -0.06653645605293669,
            "k2": -0.49580807863148924,
            "k3": 0.0,
            "k4": 0.0,
            "k5": 0.0,
            "calib_res": [
                1280,
                964
            ]
        }
    },
    "reprojection_error": 0.1414877,
    "essensial_matrix": [
        1.918e-05,
        0.00105498,
        0.00107319,
        -0.00043245,
        0.0005485,
        0.0914107,
        -0.00211666,
        -0.09138756,
        0.00055074
    ],
    "fundamental_matrix": [
        1e-08,
        5.1e-07,
        0.00050606,
        -2.1e-07,
        2.6e-07,
        0.06486261,
        -0.00140723,
        -0.06541001,
        1.0
    ]
}