{
    "type": "Calibration Parameter for Stereo Camera",
    "version": 1.2,
    "master": {
        "serial": 0,
        "camera_pose": {
            "trans": [
                0.0,
                0.0,
                0.0
            ],
            "rot": [
                0,
                0.0,
                0.0
            ]
        },
        "lens_params": {
            "focal_len": [
                -1474.8416635703438,
                -1474.8416635703438
            ],
            "principal_point": [
                649.0819951793858,
                491.4440952222488
            ],
            "skew": 0,
            "k1": -0.06910149081901569,
            "k2": -0.5132955698823192,
            "k3": 0.0,
            "k4": 0.0,
            "k5": 0.0,
            "calib_res": [
                1280,
                964
            ]
        }
    },
    "slave": {
        "serial": 1,
        "camera_pose": {
            "trans": [
                -0.0913528732351907,
                0.0019770265964062866,
                0.0004800161133128774
            ],
            "rot": [
                0.32472647199451343,
                -0.3815145386895595,
                -0.6525413588374834
            ]
        },
        "lens_params": {
            "focal_len": [
                -1477.3041759617088,
                -1477.3041759617088
            ],
            "principal_point": [
                643.6749632725745,
                495.5086766517049
            ],
            "skew": 0,
            "k1": -0.06642796861239297,
            "k2": -0.49478213261466,
            "k3": 0.0,
            "k4": 0.0,
            "k5": 0.0,
            "calib_res": [
                1280,
                964
            ]
        }
    },
    "reprojection_error": 0.13889774,
    "essensial_matrix": [
        1.863e-05,
        0.00108826,
        0.00093648,
        -0.00046877,
        0.00052318,
        0.09136796,
        -0.00197963,
        -0.09134615,
        0.00052407
    ],
    "fundamental_matrix": [
        1e-08,
        5.4e-07,
        0.00041162,
        -2.3e-07,
        2.6e-07,
        0.06650994,
        -0.00133426,
        -0.06705531,
        1.0
    ]
}