{
    "type": "Calibration Parameter for Stereo Camera",
    "version": 1.2,
    "master": {
        "serial": 0,
        "camera_pose": {
            "trans": [
                0.0,
                0.0,
                0.0
            ],
            "rot": [
                0,
                0.0,
                0.0
            ]
        },
        "lens_params": {
            "focal_len": [
                -1474.5285735038487,
                -1474.5285735038487
            ],
            "principal_point": [
                649.0948858623027,
                491.47280426015226
            ],
            "skew": 0,
            "k1": -0.06806710112799379,
            "k2": -0.5214858760370038,
            "k3": 0.0,
            "k4": 0.0,
            "k5": 0.0,
            "calib_res": [
                1280,
                964
            ]
        }
    },
    "slave": {
        "serial": 1,
        "camera_pose": {
            "trans": [
                -0.09129129347605365,
                0.0022788654437028923,
                0.0004145260519179964
            ],
            "rot": [
                0.34353280536306,
                -0.38826083682206486,
                -0.6532069815389722
            ]
        },
        "lens_params": {
            "focal_len": [
                -1477.1083163452581,
                -1477.1083163452581
            ],
            "principal_point": [
                643.715993083615,
                495.408771786092
            ],
            "skew": 0,
            "k1": -0.06572525120305019,
            "k2": -0.4984220311687986,
            "k3": 0.0,
            "k4": 0.0,
            "k5": 0.0,
            "calib_res": [
                1280,
                964
            ]
        }
    },
    "reprojection_error": 0.14072172,
    "essensial_matrix": [
        2.017e-05,
        0.00103311,
        0.00123793,
        -0.00040083,
        0.00055206,
        0.09130965,
        -0.00228123,
        -0.09128472,
        0.00055587
    ],
    "fundamental_matrix": [
        1e-08,
        4.8e-07,
        0.00061205,
        -1.9e-07,
        2.6e-07,
        0.06316349,
        -0.00149386,
        -0.06370229,
        1.0
    ]
}