{
    "type": "Calibration Parameter for Stereo Camera",
    "version": 1.2,
    "master": {
        "serial": 0,
        "camera_pose": {
            "trans": [
                0.0,
                0.0,
                0.0
            ],
            "rot": [
                0,
                0.0,
                0.0
            ]
        },
        "lens_params": {
            "focal_len": [
                -1475.1056842877867,
                -1475.1056842877867
            ],
            "principal_point": [
                649.1123444235465,
                491.52812225496615
            ],
            "skew": 0,
            "k1": -0.06922069735988305,
            "k2": -0.5161549168352838,
            "k3": 0.0,
            "k4": 0.0,
            "k5": 0.0,
            "calib_res": [
                1280,
                964
            ]
        }
    },
    "slave": {
        "serial": 1,
        "camera_pose": {
            "trans": [
                -0.09130929817612328,
                0.0019816749491210757,
                6.251432458879878e-05
            ],
            "rot": [
                0.3277182513059682,
                -0.3873810906803502,
                -0.6525700356862905
            ]
        },
        "lens_params": {
            "focal_len": [
                -1478.3371898563398,
                -1478.3371898563398
            ],
            "principal_point": [
                643.7199896927016,
                495.6422246881895
            ],
            "skew": 0,
            "k1": -0.06618791526079691,
            "k2": -0.4975576034957276,
            "k3": 0.0,
            "k4": 0.0,
            "k5": 0.0,
            "calib_res": [
                1280,
                964
            ]
        }
    },
    "reprojection_error": 0.13973333,
    "essensial_matrix": [
        1.411e-05,
        0.00067985,
        0.00094158,
        -5.117e-05,
        0.00052296,
        0.09132442,
        -0.00198195,
        -0.09130529,
        0.00052873
    ],
    "fundamental_matrix": [
        1e-08,
        3.3e-07,
        0.0005052,
        -2e-08,
        2.5e-07,
        0.06498046,
        -0.0014078,
        -0.06555423,
        1.0
    ]
}