{
    "type": "Stereo Calibration",
    "version": 1.1,
    "master": {
        "serial": 0,
        "camera_pose": {
            "trans": [
                0.0,
                0.0,
                0.0
            ],
            "rot": [
                0,
                0.0,
                0.0
            ]
        },
        "lens_params": {
            "focal_len": [
                -1458.3154225271985,
                -1458.3154225271985
            ],
            "principal_point": [
                636.5813689768784,
                483.2698449663433
            ],
            "skew": 0,
            "k1": -0.09250553376750975,
            "k2": -0.38376406074276576,
            "k3": 0.0,
            "k4": 0.0,
            "k5": 0.0,
            "calib_res": [
                1280,
                964
            ]
        }
    },
    "slave": {
        "serial": 1,
        "camera_pose": {
            "trans": [
                -0.09042548696901001,
                -0.0005156638922202203,
                -0.0011712757698200665
            ],
            "rot": [
                -0.25749385903336713,
                -0.4630909476195568,
                -0.2238363423554596
            ]
        },
        "lens_params": {
            "focal_len": [
                -1463.296996140751,
                -1463.296996140751
            ],
            "principal_point": [
                641.927629371184,
                480.96718328760136
            ],
            "skew": 0,
            "k1": -0.07832754737787259,
            "k2": -0.45685651376633085,
            "k3": 0.0,
            "k4": 0.0,
            "k5": 0.0,
            "calib_res": [
                1280,
                964
            ]
        }
    },
    "reprojection_error": 0.15243561,
    "essensial_matrix": [
        -8.74e-06,
        -0.00044038,
        -0.00086889,
        0.00117357,
        -0.00041099,
        0.09042184,
        0.00051034,
        -0.09043107,
        -0.00041339
    ],
    "fundamental_matrix": [
        -8e-08,
        -4.1e-06,
        -0.00977321,
        1.094e-05,
        -3.83e-06,
        1.22373124,
        0.00175145,
        -1.22868938,
        1.0
    ]
}